source,target,category,notes,example_source,example_wrong,example_correct
ヒリヒリ,따끔따끔,의성어,"피부가 쓸리거나 상처가 나서 화끈거리며 아픈 감각을 나타낸다. 문맥에 따라 '따끔거리는', '화끈거리는', '따끔따끔하게' 등으로 의역하여 통증의 양상을 생생하게 묘사해야 한다. 단순히 '히리히리'라고 음차하거나 '따끔따끔하다'라고만 고정하지 말고 문장의 흐름에 맞춰 자연스럽게 풀어낸다.",股はヒリヒリと破れたように痛むし、全身への振動の衝撃の余波がまだ残っている。,"사타구니는 히리히리하게 찢어진 것처럼 아프고, 전신으로 전달되는 진동의 충격 여파가 아직 남아 있다.","사타구니는 마치 살이 쓸린 듯 따끔따끔하게 아파왔고, 전신을 울리는 진동의 여파가 여전히 남아 있었다."
パックリ,"쩍, 벌컥, 훤히",의성어,"입을 크게 벌리거나 틈이 생기는 모양을 나타낸다. 소설 문맥상 은밀한 부위가 가감 없이 드러나는 상황이므로, 단순히 '벌어지다'라는 표현보다는 시각적인 노출의 충격이나 부위의 형태를 강조할 수 있는 '쩍 벌어져' 또는 '훤히 드러나'와 같은 표현으로 의역하는 것이 자연스럽다. 기계적으로 '팩쿠리'라고 음차하거나 단순히 '갈라지다'라고만 번역하는 것은 피해야 한다.",口ではそう言いながらも、由美子は悦びの期待に胸をときめかせながら、昇の言う通りに従った。脚をあげれば、スカートはいやでもまくれあがり、下半身が腰のあたりまですっかりあらわになる。両手で膝をかかえるようにして開けば、股間はパックリと割れ、下腹からアヌスまで、昇の目の前にさらしつくされる。それも、まるで産婦人科の検査のような恥ずかしい格好で……,다리를 벌리자 가랑이가 팩쿠리 갈라졌다.,"양손으로 무릎을 감싸듯 벌리자, 가랑이가 쩍 벌어지며 하복부부터 항문까지 노보의 눈앞에 훤히 드러났다."
ピチピチ,"탱탱한, 탄력 있는, 싱그러운",의성어,"젊고 건강한 신체의 탄력이나 생동감을 나타내는 표현이다. 문맥상 남성 주인공이 여성의 젊고 탄력 넘치는 몸을 관찰하며 느끼는 시각적, 촉각적 생동감을 강조해야 하므로, 단순히 '싱싱한'과 같은 표현보다는 '탱탱한'이나 '탄력 있는'처럼 신체의 질감이 느껴지는 형용사로 의역하는 것이 소설적 문체에 적합하다.",由美子のあまりに真剣な眼差しに、昇はそれ以上ちゃかせなかった。それに、これほど若々しくピチピチした女体を、自分から調べてくれと言われて、断わるほど野暮でもない。妻の妹であれ、いや、妻の妹であればこそなおさら、その女体を観賞してみたいという気もあった。,"이렇게 젊고 피치피치한 여체를, 자신에게 조사해달라고 말하는데 거절할 만큼 무뚝뚝하지도 않다.","이렇게 젊고 탱탱한 여체를, 직접 확인해달라고 말하는데 거절할 만큼 무뚝뚝하지도 않다."
キョロキョロ,"두리번두리번, 두리번거리는, 두리번대며",의성어,"주변을 경계하거나 호기심을 가지고 이리저리 살피는 모양을 나타낸다. 소설의 문맥에 따라 '두리번두리번'이라는 부사로 쓰거나, '두리번거리다', '두리번대다'와 같은 동사 형태로 자연스럽게 풀어내어 인물의 당혹감이나 호기심을 묘사해야 한다.",ルイ王朝風の家具で統一された社長室に通された由美子は、その豪華さに口もきけず、キョロキョロあたりを見まわしていた。,"유미코는 그 호화로움에 입도 떼지 못한 채, 키로키로 주변을 둘러보고 있었다.","루이 왕조풍의 가구로 통일된 사장실로 안내된 유미코는, 그 호화로움에 말도 잇지 못한 채 두리번거리며 주변을 살폈다."
モテモテ,"인기 만점인, 여자들에게 둘러싸인, 인기가 아주 많은",의성어,"문맥상 남성미 넘치는 외모로 이성에게 인기가 매우 많았던 상태를 나타낸다. 소설의 문체와 흐름에 따라 '인기 만점인 학생' 혹은 '여자들에게 인기가 아주 많았던 학생' 등으로 자연스럽게 의역해야 한다. 단순히 '모테모테한'과 같이 외래어 느낌을 주거나 '인기가 많은'이라고만 반복하기보다, 인물의 매력을 드러낼 수 있는 수식어를 선택하는 것이 좋다.",由美子の結婚は文字通り、若気のいたりというしかないものだった。大学を卒業と同時に、同じクラスだったラグビー部の男と一緒になったのである。体格のがっしりしたいかにも男臭い感じで、それでいて甘いマスクをした、モテモテの男子学生だった。,그는 모테모테한 남학생이었다.,그는 여자들에게 인기가 아주 많은 남학생이었다.
ムンムン,"물씬물씬, 진동하는, 가득한",의성어,냄새나 기운이 강하게 풍기는 모양을 나타낸다. 소설적 문맥에서는 단순히 '냄새가 난다'는 표현보다 '향기가 물씬 풍겼다'거나 '성숙한 여인의 향취가 진동했다'와 같이 문장의 분위기에 맞춰 형용사나 부사 형태로 자연스럽게 의역하는 것이 좋다. '문문'과 같은 기계적 직역은 피해야 한다.,実の姉妹とはいえ、由美子は芙美子よりも背が高く、肉づきもずっとよく、プロポーションは日本人ばなれした、文字通りのグラマー美人だった。それに二十八歳という女ざかり、由美子の肉体には、いやでも成熟した女の匂いがムンムンしていた。,유미자의 육체에는 성숙한 여자의 냄새가 문문하고 있었다.,유미자의 육체에서는 원치 않아도 성숙한 여인의 향취가 물씬 풍겨 나오고 있었다.
メチャメチャ,"정신없이, 엉망진창으로, 아주 제대로",의성어,"문맥상 성적인 행위나 강도가 매우 높은 상태를 나타낸다. 단순히 '엉망진창'이라고 직역하기보다는, 소설의 흐름과 캐릭터의 도발적인 분위기에 맞춰 '정신없이 핥아달라'거나 '아주 제대로 핥아달라'는 식의 관능적이고 몰입감 있는 표현으로 의역하는 것이 자연스럽다.",「バカみたい、本気で怒ったりして」由美子は昇の顔にお尻を突きあげ、さらに挑発するようにゆすりながら笑った。「ちょっとからかうとすぐムキになるんだから。でも、そんな義兄さん、じゃなかった、昇さんって、かわいいわ！……ね、とろけちゃうまで、舐めて……メチャメチャに舐めて！」,"……네, 녹아버릴 때까지 핥아줘…… 메차메차 핥아줘!","……있지, 녹아버릴 때까지 핥아줘…… 정신없이, 아주 제대로 핥아달란 말이야!"
ズンズン,"묵직하게, 퍽퍽, 쿵쿵",의성어,"상황에 따라 '묵직하게', '퍽퍽' 등 무언가 깊숙이 박히거나 밀고 들어오는 압박감을 나타내는 부사로 의역해야 한다. 단순히 속도가 빠르다는 의미를 넘어, 신체 내부를 강하게 파고드는 물리적인 타격감과 무게감을 소설적 문체로 살리는 것이 중요하다.",喉は男の手に締められ、私の女の部分が男にズンズンと下から身勝手に侵入され、身体の自由を奪われた。息も上手く吸えない。中に得たいの知れない硬い肉厚が私の身体を下から支配していく。,나의 여자 부분이 남자에게 즈ン즈ン 밑에서 제멋대로 침입당했다.,"남자의 것이 내 은밀한 곳을 밑에서부터 퍽퍽, 제멋대로 파고들었다."
ハァハァ,"하아, 하아",의성어,"거친 호흡이나 숨을 몰아쉬는 소리를 나타낸다. 소설 문맥에서는 단순히 소리를 나열하기보다, 인물의 긴박한 상태나 체력적 한계를 드러내기 위해 '하아, 하아...'와 같이 말줄임표를 활용하거나 문장 속에 자연스럽게 녹여내어 호흡의 느낌을 살려 의역하는 것이 좋다.",「ハァハァハァハァ、お前の父親のことだ、母親似の娘にGPSを仕込んでるだろ。手っ取り早く終わらせるぞ」,"「하아하아하아하아, 네 아버지 말이다...」","「하아, 하아... 네 아버지 말이다, 어머니를 닮은 딸에게 GPS를 심어뒀겠지. 빨리 끝내버리겠어.」"
トントン,"똑똑, 탁탁",의성어,"문맥상 무언가를 가볍게 두드리는 소리나 요리 도구가 조리대에 닿는 소리를 의미한다. 소설의 흐름에 따라 '똑똑' 혹은 '탁탁' 등으로 상황에 맞게 의역해야 하며, 소리의 주체나 상황에 따라 '똑똑 소리가 나서', '탁탁 소리가 들려'와 같이 자연스럽게 문장에 녹여내야 한다.",母さんは寝室にはいなかった。トントンと音がするので、その方向に歩くと、台所で朝食を作っていた。もちろん裸ではなく、既に着替えを済ませている。,"톤톤하고 소리가 나서, 그 방향으로 걸어가니...","똑똑 소리가 들려 그 방향으로 걸어가 보니, 부엌에서 아침 식사를 만들고 있었다."
モゾモゾ,"꿈틀꿈틀, 꾸물꾸물, 움찔움찔",의성어,"작은 물체가 움직이거나 몸의 일부가 미세하게 움직이는 모양을 나타낸다. 소설적 문맥에서는 이불 속에서 무언가 움직이는 불길하거나 묘한 상황을 묘사하므로, 상황의 긴장감이나 생동감에 따라 '꿈틀꿈틀' 혹은 '꾸물꾸물' 등으로 의역하여 자연스러운 흐름을 만들어야 한다. 단순히 '모조모조'라고 음차하는 것은 피해야 한다.",俺はどうも下半身、それも股間辺りがおかしいと感じ、目を覚ました。すると、掛布団が何やらモゾモゾ動いているのが見える。,"그러자, 덮개가 무언가 모조모조 움직이는 것이 보인다.","그러자, 덮은 이불이 무언가 꿈틀꿈틀 움직이는 것이 보였다."
ゲホッゲホッ,콜록콜록,의성어,"기침을 하는 소리를 나타내는 의성어다. 문맥상 당황하거나 목이 메어 나오는 기침이므로, 소설의 흐름에 따라 '콜록콜록' 혹은 '컥컥' 등으로 자연스럽게 처리해야 한다. 단순히 소리만 나열하기보다 인물의 상태를 보여주는 동사적 표현과 결합하여 의역하는 것이 좋다.",「ゲホッゲホッ……そ、そんな訳ないわよ。あんたを産んでからは一回もしてないわ。変なこと言わないの」,"「게호게호…… 그, 그럴 리가 없잖아. 너를 낳고 나서는 한 번도 안 했어. 이상한 소리 하지 마.」","「콜록, 콜록…… 그, 그럴 리가 없잖아. 너를 낳고 나서는 한 번도 안 했다고. 이상한 소리 하지 마.」"
ズッポリ,"쑥, 푹, 푹 하고",의성어,무언가 좁은 틈이나 구멍 속으로 한꺼번에 깊숙이 박히거나 들어가는 모양을 나타낸다. 소설적 문맥에서는 삽입의 깊이와 무게감을 전달하기 위해 '쑥 하고 들어갔다' 혹은 '푹 박혔다'와 같이 동사와 결합하여 자연스럽게 의역해야 한다. 단순히 소리만 묘사하기보다 동작의 느낌을 살리는 것이 중요하다.,ゆっくりと腰を下ろし、チンチンをマンコに挿入した。チンチンがズッポリと根元まで入っていく。この瞬間、俺は童貞を喪失した。,자지가 즈폿리 뿌리까지 들어간다.,"자지가 쑥, 뿌리 끝까지 박혀 들어왔다."
レロレロ,"낼름낼름, 할짝할짝",의성어,"혀로 무언가를 핥는 소리나 모양을 나타낸다. 문맥에 따라 혀의 움직임이 강조되는 '낼름낼름'이나, 조금 더 가볍고 부드러운 느낌의 '할짝할짝' 등으로 의역한다. 소설의 분위기가 관능적이라면 '질척하게 핥는' 등의 묘사를 섞어 상황에 맞게 변주해야 한다.",“クチュッ……レロレロ……”,“쿠츄…… 레로레로……”,“츄릅…… 낼름낼름……”
アンアン,"앙앙, 아앙아앙",의성어,"여성이 쾌락이나 자극을 느낄 때 내뱉는 신음 소리를 나타낸다. 문맥에 따라 '앙앙' 혹은 '아앙아앙' 등으로 번역하며, 소설의 호흡에 맞춰 자연스럽게 배치해야 한다. 단순히 소리 자체를 전달하기보다 인물의 흥분 상태가 느껴지도록 의성어의 느낌을 살려 의역하는 것이 중요하다.",俺は母さんの胸を夢中になって弄った。母さんはアンアン言いながら体を揺らす。母さんの女としての一面が見え、興奮する。すると、母さんは俺の手を取ると、股間に触れさせた。一瞬、ジャリッとした毛の感覚がしたかと思うと、ヌルッとしたものが手に付いた。,어머니는 アンアン이라고 말하며 몸을 흔들었다.,어머니는 앙앙 소리를 내며 몸을 떨었다.
クチュクチュ,"질척질척, 챠박챠박, 질척이는",의성어,"액체가 섞인 마찰음이나 젖은 소리를 나타내는 의성어다. 소설의 문맥상 성적인 분위기를 살리기 위해 단순히 소리 자체를 묘사하기보다는 '질척이는 소리', '질척질척 소리를 내며'와 같이 상황에 맞춰 자연스러운 형용사나 부사 형태로 의역하는 것이 좋다. '쿠츄쿠츄'와 같은 일본어 발음 직역은 피해야 한다.",俺は母さんのマンコに指を入れて動かした。クチュクチュと音を立てながら愛液が染み出していく。,나는 엄마의 보지에 손가락을 넣고 움직였다. 쿠츄쿠츄 소리를 내며 애액이 배어 나왔다.,나는 어머니의 성기에 손가락을 넣어 움직였다. 질척질척 소리를 내며 애액이 배어 나왔다.
ゾクゾク,"오싹오싹, 전율이 일며, 소름이 돋으며",의성어,"공포로 인한 떨림보다는 쾌락이나 예상치 못한 자극으로 인해 몸에 전율이 흐르는 상황이다. 문맥상 '등줄기가 오싹해졌다' 혹은 '전율이 일었다'와 같이 신체적 반응을 묘사하는 소설적 표현으로 의역하는 것이 자연스럽다. 단순히 '두근두근'이나 '덜덜' 같은 단어로 치환하기보다, 감각의 전이를 나타내는 표현을 사용해야 한다.",母さんは顔を俺のチンチンに近付け、凝視した。鼻息がチンチンにかかり、背筋がゾクゾクする。すると、俺のチンチンを口に咥えて顔を前後に動かし、チンチンを舐めていった。もちろん、チンチンを舐められるなど初めてだ。まさかここまで積極的にするとは、普段の母さんからは考えられなかった。,콧김이 닿자 등줄기가 ゾクゾク(조쿠조쿠)했다.,콧김이 닿자 등줄기에 전율이 일었다.
チンチン,"자지, 성기, 물건",의성어,"문맥에 따라 '자지'라는 직접적인 표현을 쓰거나, 소설적 허용을 통해 '성기' 또는 '물건' 등으로 완곡하게 표현할 수 있다. 원문의 'チンチン'은 다소 유아틱하거나 가벼운 느낌을 줄 수 있으나, 성인 대상의 문학적 맥락에서는 상황의 수위에 맞춰 자연스러운 한국어 성적 용어로 의역하는 것이 중요하다. 기계적으로 '친친'이라고 음차하지 마라.",お互いの体を密着させ、再びキスをした。これでもかと言わんばかりに舌を絡め合う。母さんも嫌がる素振りはない。この時、俺のチンチンはバキバキに勃起していた。母さんもチンチンを触って確認する。,엄마도 내 친친을 만져서 확인한다.,엄마도 내 자지를 만져보며 확인했다.
ドクドク,"울컥울컥, 꿀렁꿀렁, 욱신욱신",의성어,"액체가 강한 압력으로 쏟아져 나오거나 맥박이 뛰는 모양을 나타낸다. 소설적 문맥에서는 정액이 분출되는 생생한 느낌을 살리기 위해 '울컥울컥'이나 '꿀렁꿀렁'과 같이 액체의 움직임을 묘사하는 표현을 사용하거나, 맥박의 느낌을 살려 '욱신욱신' 등으로 의역하는 것이 자연스럽다. 단순히 소리나 움직임을 나열하기보다 문장의 흐름에 맞춰 조사와 동사를 적절히 조합해야 한다.",母さんはチンチンを離すことなく舐め続けた。その結果、俺は母さんの口の中に射精してしまった。ドクドクと脈打ちながら注いでいく度に、母さんが苦しそうにしながらも精液を受け止める。,"도쿠도쿠와 맥박치며 부어넣을 때마다, 엄마가 괴로운 듯하면서도 정액을 받아낸다.","울컥울컥 맥동하며 쏟아낼 때마다, 엄마는 괴로운 듯하면서도 정액을 받아냈다."
バキバキ,"빳빳하게, 터질 듯이, 딱딱하게",의성어,"본래 딱딱한 물체가 부러질 듯이 굳은 상태를 뜻하지만, 성적인 문맥에서는 발기 상태가 매우 강하고 단단함을 나타낸다. '바키바키'를 그대로 음차하기보다는 '빳빳하게 발기했다' 혹은 '터질 듯이 부풀어 올랐다'와 같이 상태를 묘사하는 형용사나 부사로 의역하여 문장의 관능적인 분위기를 살려야 한다.",お互いの体を密着させ、再びキスをした。これでもかと言わんばかりに舌を絡め合う。母さんも嫌がる素振りはない。この時、俺のチンチンはバキバキに勃起していた。母さんもチンチンを触って確認する。,"이때, 내 자지는 바키바키하게 발기해 있었다.","이때, 내 자지는 터질 듯이 빳빳하게 발기해 있었다."
ガタガタ,"덜덜, 달달, 덜컹덜컹",의성어,"바람이나 진동으로 인해 물체가 심하게 흔들리거나 부딪히는 소리를 나타낸다. 문맥상 폭풍우로 인해 집 전체가 흔들리는 위태로운 상황이므로, 단순히 소리만 묘사하기보다 '덜덜 떨리다', '덜컹거린다'와 같이 집의 상태를 나타내는 동사적 표현과 결합하여 문학적으로 의역하는 것이 자연스럽다.",夜、雨戸を締めた部屋のベッドで横になった。暴風が家に吹き付ける度にヒューッと音がして、ガタガタと揺れる。家ができてから三十年以上が経っていると聞いたので、いつ崩壊してもおかしくない。,폭풍이 불 때마다 가타가타 소리가 나며 흔들린다.,폭풍이 집을 몰아칠 때마다 휘파람 같은 소리가 나며 집이 덜덜 흔들렸다.
ズリズリ,"질척질척, 꾸욱꾸욱, 미끄러지듯",의성어,"성적인 맥락에서 신체 부위가 마찰하거나 삽입되는 움직임을 나타낸다. 단순히 '즈리즈리'라고 음차하기보다는, 문맥상 항문 주위나 내부를 자극하는 움직임의 질감에 따라 '질척질척하게 문지르다', '꾸욱꾸욱 밀어 넣다', 혹은 '미끄러지듯 문지르다'와 같이 동작의 느낌을 살려 의역해야 소설적 몰입감이 높아진다.",ズキッンとチンポに芯が入りだすと、扱きを再開し、唇で亀頭をじゅぽじゅぽ刺激し、肛門もズリズリすると、,"항문도 즈리즈리하자,","항문 주위도 질척하게 문지르자,"
ビクンビクン,"파르르, 움찔움찔",의성어,"근육이나 신체 부위가 강한 자극이나 기대감으로 인해 불규칙하고 강하게 경련하며 떨리는 모양을 나타낸다. 소설적 문맥에서는 '움찔거리는', '파르르 떨리는' 등 동작의 역동성을 살려 의역하는 것이 자연스럽다. 단순히 '비쿤비쿤'을 소리 나는 대로 옮기지 말고, 신체의 반응을 묘사하는 형용사나 부사로 처리해야 한다.",期待にビクンビクンする肉棒に、亀頭から、とろ～りたっぷりのローションを垂らす。薄いラバー手袋もたっぷり濡らす。祭りの始まりよ。,"기대에 비쿤비쿤하는 육봉에, 귀두로부터 토로~리 듬뿍 로션을 떨어뜨린다.","기대로 움찔거리는 육봉의 귀두 부분에, 걸쭉한 로션을 듬뿍 떨어뜨린다."
ギリギリ,"아슬아슬하게, 간신히, 겨우",의성어,"시간이나 상황이 한계치에 다다랐음을 나타낸다. 문맥상 '교육(훈육)을 받는 시간이 아슬아슬하게 남았다'는 의미이므로, 소설적 흐름에 따라 '아슬아슬하게', '간신히' 등으로 자연스럽게 의역해야 한다. 단순히 '기리기리'라고 음차하거나 '한계'라고 딱딱하게 번역하는 것을 피해야 한다.",友紀君の両親は、共働きだから、本日の５時前がリミットね。１時間かあ、ギリギリ躾られそうね、ふふふ楽しみ。にゃりと美由紀が意地悪に嗤う。,"1시간인가, 기리기리 훈육받을 수 있겠네, 후후후 기대돼.","1시간이라, 아슬아슬하게 훈육받을 수 있겠는걸, 후후후 기대돼."
グイグイ,"꾹꾹, 힘차게, 거칠게",의성어,"무언가를 강한 힘으로 밀어붙이거나 압박하는 모양을 나타낸다. 문맥상 성적인 행위의 강도를 나타내므로, 단순히 '꾹꾹'이라는 반복적인 표현보다는 '힘차게 밀어붙이며' 혹은 '거칠게 몰아붙이며'와 같이 동작의 역동성과 압박감이 느껴지도록 소설적으로 의역하는 것이 자연스럽다.",とどめと、グイグイチンポを扱きバイブを抉る。,"마무리로, 구이구이 성기를 훑으며 바이브를 파낸다.","마무리로, 성기를 힘차게 훑으며 바이브를 거칠게 몰아붙였다."
グショグショ,"흠뻑, 축축하게",의성어,"액체가 과하게 젖어 있는 상태를 나타내는 표현이다. 소설 문맥에서는 단순히 '젖었다'는 사실을 넘어, 액체가 넘쳐흐르거나 속옷이 감당할 수 없을 정도로 젖어버린 관능적인 상황을 묘사하므로 '흠뻑', '축축하게', '질척하게' 등으로 상황에 맞춰 의역해야 한다. '구쇼구쇼'와 같은 기계적 직역은 피해야 한다.",それを見た私は、身体中を快感電流が流れ、下着がグショグショに濡れた。,"그것을 본 나는, 몸속에 쾌감 전류가 흐르고 속옷이 구쇼구쇼하게 젖었다.","그것을 본 순간 온몸에 쾌감의 전류가 흘렀고, 속옷은 이미 흠뻑 젖어버렸다."
ビクビク,"파르르, 움찔움찔, 경련하듯",의성어,"근육이나 신체가 의지와 상관없이 떨리는 모양을 나타낸다. 문맥상 성적인 자극으로 인해 성기가 통제 불능 상태로 떨리는 상황이므로, '파르르 떨리다' 혹은 '움찔거리다'와 같이 신체 반응을 묘사하는 동사와 결합하여 자연스럽게 의역해야 한다. 단순히 '비쿠비쿠'라고 음차하거나 '벌벌'처럼 추운 듯한 느낌을 주는 직역은 피해야 한다.",私は友紀君の肛門にバイブを挿入(さ)し、ぐりぐり弄りまわすと、チンポはビクビク痙攣してガマン汁を垂れ流す。,자지는 비쿠비쿠 경련하며 사정액을 흘린다.,자지는 움찔거리며 경련하더니 참지 못한 애액을 줄줄 흘려댔다.
ブーンブーン,"징징, 부르르",의성어,"휴대폰이 진동하는 소리를 나타내는 의성어다. 한국어 소설 문맥에서는 '징징' 혹은 '부르르'와 같이 진동의 느낌을 살린 표현을 사용하거나, '징징 울리다', '부르르 떨리다'처럼 동사와 결합하여 자연스럽게 묘사해야 한다. '부웅부웅'과 같은 기계적 직역은 피해야 한다.",ブーンブーンとケータイが震え、着信した。,"부웅부웅 하고 휴대폰이 떨리며, 전화가 왔다.",휴대폰이 징징 울리며 전화가 걸려 왔다.
ペロペロ,"낼름낼름, 할짝할짝",의성어,"혀로 무언가를 계속해서 핥는 모양을 나타낸다. 소설의 문맥과 관능적인 분위기에 따라 '낼름낼름' 혹은 '할짝할짝' 등으로 의역하며, 상황에 따라 '낼름거리는', '할짝이는' 등 형용사적 표현으로 변주하여 자연스럽게 서술해야 한다. 단순히 '페로페로'를 음차하거나 '핥짝핥짝'처럼 단조로운 반복에 그치지 않도록 주의한다.",ペロペロアヌスを舐めながら、私はバックからアナルバイブを取り出す。,"페로페로 핥으면서, 나는 뒤에서 아날 바이브를 꺼낸다.","항문을 낼름낼름 핥으며, 나는 뒤쪽에서 아날 바이브를 꺼냈다."
ドロドロ,"걸쭉하게, 질척하게, 진득하게",의성어,"액체의 점도가 높고 농도가 짙은 상태를 나타낸다. 문맥상 정액의 질감을 묘사하고 있으므로, 단순히 상태를 설명하기보다 '걸쭉한 정액', '진득하게 쏟아지는' 등 형용사나 부사 형태로 의역하여 문장의 관능적인 분위기를 살려야 한다. '도로도로'를 그대로 음차하는 것은 피해야 한다.",ぶびゆーびゅうぶびゆーびゅう大量のドロドロ精液を、友紀君が手のひらで受け止めた。,도로도로한 대량의 정액을 유키 군이 손바닥으로 받아냈다.,"걸쭉한 정액이 대량으로 쏟아지자, 유키 군은 그것을 손바닥으로 받아냈다."
グングン,쑥쑥,의성어,"키나 몸집 등이 거침없이 빠르게 자라나는 모양을 나타낸다. 소설적 문맥에서는 '쑥쑥 자라다', '쑥쑥 늘어나다'와 같이 동사와 결합하여 성장의 속도감을 생생하게 전달하는 것이 자연스럽다. 단순히 '많이'라고 번역하기보다 성장의 역동성을 살려 '쑥쑥'으로 의역하는 것이 좋다.",そんな穂乃果のマンションに現在は大河も一緒に住んでいた。この３年間で身長はグングン伸びてついには１８０センチを突破。まだまだ成長中だ。バレーを本格的にするために高校からは王都学園ではなく別の高校を受験し、今では年代別の代表に呼ばれるまでに成長。世代を代表する選手としてそのルックスと共に注目されていた。,이 3년 동안 키는 구응구응 늘어나서 드디어 180센티를 돌파했다.,지난 3년 사이 키는 쑥쑥 자라나 마침내 180cm를 돌파했다.
コソコソ,"몰래몰래, 구석에서, 눈치 보며",의성어,"단순히 '소곤소곤'이라는 소리에 집중하기보다, 남의 눈을 피해 무언가를 숨기거나 조심스럽게 행동하는 '태도'에 초점을 맞추어 의역해야 한다. 문맥상 상대방에게 숨기지 않고 당당하게 밝히겠다는 의지가 담겨 있으므로, '몰래몰래' 혹은 '눈치 보며'와 같이 행동의 은밀함을 나타내는 표현이 자연스럽다.",「私も大河から離れないわよ。――っていうか、もう離れられないし。けど、今回のことで私も覚悟が決まったわ。帝都に帰ったら、ちゃんと浩太に伝えましょう。もうコソコソしないで♪」,이제 더 이상 코소코소 하지 않을게요♪,이제 더 이상 몰래몰래 숨기지 않을게요♪
ガッツリ,"빈틈없이, 꽉, 진득하게",의성어,"원래 '듬뿍', '제대로'라는 뜻을 가진 부사지만, 문맥상 입술이 빈틈없이 맞물린 상태를 강조하므로 '빈틈없이' 혹은 입술의 밀착감을 나타내는 '꽉'이나 '진득하게' 등으로 의역하여 문장의 관능적인 분위기를 살려야 한다. '갓츠리'라는 음차를 피하고 상황에 맞는 형용사적 표현을 사용하는 것이 핵심이다.",ガッツリと隙間なく重なる唇――口を塞がれたことで自然と呼吸するために鼻息は荒くなり、それによって間近で嗅ぐ拓海の匂いが嗅神経を通して脳へと広がる。,갓츠리 빈틈없이 겹쳐진 입술――,빈틈없이 꽉 맞물린 입술――
カピカピ,딱딱하게 굳어,의성어,"액체나 수분이 완전히 말라붙어 표면이 거칠고 딱딱해진 상태를 나타낸다. 소설적 문맥에서는 단순히 '말랐다'는 표현보다, 액체가 굳어버린 질감을 살려 '딱딱하게 굳어', '딱딱하게 말라붙어' 등으로 의역하는 것이 자연스럽다. '카피카피'라는 음차를 피하고 상태를 묘사하는 표현을 사용해야 한다.",共に一人の男性を愛するライバル関係の２人ではあるが、それを感じないほど仲睦まじく全裸で寝ている２人の股間には、揃って昨晩からぶっ続けで出し続けた精液が乾燥してカピカピになって輝いていた。,그들의 가랑이 사이에는 정액이 카피카피하게 빛나고 있었다.,그들의 가랑이 사이에는 어젯밤부터 계속 쏟아낸 정액이 딱딱하게 굳어 번들거리고 있었다.
ポツポツ,울퉁불퉁,의성어,"피부 표면에 작은 돌기나 멍울이 솟아오른 상태를 나타낸다. 문맥상 출산과 수유를 거친 신체의 변화를 묘사하고 있으므로, 단순히 '점처럼 박혀 있다'는 식의 표현보다는 유선이 발달하여 피부 위로 불규칙하게 솟아오른 모양을 나타내는 '울퉁불퉁하게' 또는 '올록볼록하게'와 같이 신체적 질감을 살린 의역이 적절하다.",一方で満里奈は妊娠、出産、授乳を経験していることもあってその身体は年季が入っており、乳首などはいかにも使い込んだ形跡を示すように乳腺がポツポツと浮いて黒ずんでいた。,유선이 포츠포츠 떠 있어서 검게 변해 있었다.,유선이 울퉁불퉁하게 솟아올라 검게 변해 있는 모습은 마치 오랫동안 사용해 온 흔적을 보여주는 듯했다.
クタクタ,"녹초가 된, 기진맥진한, 몸을 가누지 못할 정도로 지친",의성어,"단순히 '피곤하다'는 의미를 넘어, 에너지가 완전히 고갈되어 몸에 힘이 하나도 없는 상태를 나타낸다. 소설의 문맥에 따라 '녹초가 되어', '기진맥진한 채로', '몸이 천근만근인 상태로' 등 인물의 피로도를 생생하게 전달할 수 있는 표현으로 의역하는 것이 자연스럽다.",結局、ほとんど寝ていないままクタクタの状態で日曜日の深夜に帰宅した。,"결국, 거의 자지 못한 채 쿠타쿠타한 상태로 일요일 심야에 귀가했다.","결국, 거의 잠도 자지 못한 채 녹초가 된 상태로 일요일 심야에 귀가했다."
ムッツリ,"음흉한, 겉으로는 내색하지 않는",의성어,"단순히 '음란하다'는 뜻을 넘어, 겉으로는 조신하거나 평범해 보이지만 속으로는 성적인 욕구가 강한 상태를 나타낸다. 소설 문맥에서는 캐릭터의 성격이나 숨겨진 면모를 드러내는 형용사로 자연스럽게 의역해야 한다. '무츠리 스케베'는 문맥에 따라 '음흉한 성격', '겉보기와 달리 밝히는 성격' 등으로 풀어서 번역하는 것이 좋다.",身体は綺麗な穂乃果だが、その分だけ余計にクリトリスの大きさが目立つ。ムッツリスケベでクリトリスでのオナニーをしていたこともあって肥大し、少し触るだけですぐに反応して勃起を始める。,그녀는 무츠리 스케베라서 클리토리스로 자위하고 있었다.,"겉으로는 내색하지 않는 음흉한 성격 탓에 클리토리스로 자위를 해온 탓도 있어, 조금만 건드려도 금방 반응하며 발기하기 시작했다."
ガツガツ,"거칠게, 퍽퍽, 쾅쾅",의성어,"이 문맥에서 'ガツガツ'는 단순히 음식을 게걸스럽게 먹는 느낌이 아니라, 성적인 행위 시 거침없고 격렬하게 몰아붙이는 물리적 충돌음을 의미한다. 소설적 허용을 더해 '거칠게'와 같은 부사로 처리하거나, 신체 부위가 부딪히는 소리를 묘사하는 '퍽퍽' 혹은 '쾅쾅' 등의 의태어를 사용하여 동작의 격렬함을 생생하게 전달해야 한다.",背後からガツガツと無遠慮に腰を私のお尻へと打ち付けながら肉棒を使って膣奥を抉り付く大河。そんな状態で発した言葉は私の脳へと吸い込まれた。,뒤에서 가츠가츠하고 무례하게 허리를 내 엉덩이에 부딪히며...,"뒤에서 거칠게, 무례할 정도로 내 엉덩이에 허리를 퍽퍽 들이받으며 육봉으로 질 안쪽을 파헤치는 타이가코."
プチプチ,"톡톡, 톡톡톡",의성어,"작은 물체가 터지거나 가벼운 마찰이 일어나는 소리를 나타낸다. 문맥에 따라 무언가 터지는 경쾌한 소리나, 작은 알갱이가 부딪히는 소리로 의역해야 한다. 단순히 '푸치푸치'라고 음차하지 말고, 상황에 따라 '톡톡' 혹은 '톡톡 터지는' 등의 표현을 사용하여 소설적 생동감을 살려야 한다.",――プチプチ！,――푸치푸치!,――톡톡!
クネクネ,"꿈틀꿈틀, 꾸물꾸물, 요리조리",의성어,"몸이나 물체가 유연하게 휘어지거나 움직이는 모양을 나타낸다. 문맥에 따라 몸을 '꿈틀꿈틀' 움직이는 느낌이나, 형태가 일정하지 않게 '요리조리' 움직이는 느낌으로 의역해야 자연스럽다. 단순히 '구불구불'이라고 하면 선의 모양에 치중될 수 있으므로, 동작의 생동감을 살려 번역한다.",「クネクネ動いて、尻ダンスしているみたい」,"쿠네쿠네 움직여서, 엉덩이 댄스를 하는 것 같아.","“꿈틀꿈틀 움직이는 게, 꼭 엉덩이 춤을 추는 것 같아.”"
ビンビン,빳빳하게,의성어,"상태가 매우 단단하거나 흥분하여 팽팽하게 부풀어 오른 모양을 나타낸다. 소설적 문맥에서는 단순히 '빳빳하다'는 의미를 넘어, 대상의 강도나 흥분도를 강조하기 위해 '빳빳하게 세워진', '터질 듯이 부풀어 오른' 등의 표현으로 상황에 맞춰 의역하는 것이 자연스럽다.",「すげぇビンビン！　じゅるるぅ❤　じゅるれろぉ❤」,"우와, 엄청 빈빈해! 쥬루루❤ 쥬루레로❤","“우와, 엄청 빳빳해! 츄릅, 츄르릅❤”"
イグイグ,"가버려, 가, 가버렷",의성어,"성적인 절정(orgasm)에 도달했을 때 사용하는 표현으로, 한국어 소설 문맥에서는 '가버리다'라는 동사를 반복하거나 변형하여 절박함과 쾌락을 표현한다. '이구이구'와 같이 음차하여 직역하는 것은 피해야 하며, 상황의 격렬함에 따라 '가버려', '가버렷', '가, 가, 가버려' 등으로 문맥에 맞게 의역한다.",「イグぅううっ！？　イっぢゃうぅううぅ～っ❤　イグイグイグぅうぅうっ～っ❤」,「이구이구이구우우우우우~❤」,"「가, 가버렷, 가버려어어어어억~❤」"
ザラザラ,"까칠까칠한, 거칠거칠한",의성어,"혀의 표면이 주는 질감을 나타내는 표현이다. 문맥상 혀의 감촉이 매끄럽지 않고 마찰력이 느껴지는 상태를 의미하므로, 소설적 허용을 더해 '까칠까칠한' 혹은 '거칠거칠한'으로 번역하여 촉각적 이미지를 살려야 한다. 단순히 '자라자라'와 같은 음차를 피하고, 인물의 감각이 생생하게 전달되도록 의역하는 것이 중요하다.",ザラザラとした舌の感覚は拓海が顔を小刻みに動かすたびにその当たる角度が変化する。同じ舌なのに、擦れる部分が少し変わるだけでまるで別のキスのように感じられる。,자라자라한 혀의 감각은 타쿠미가 얼굴을 조금씩 움직일 때마다 그 닿는 각도가 변화한다.,까칠까칠한 혀의 감촉은 타쿠미가 얼굴을 잘게 움직일 때마다 닿는 각도가 변했다.
ドクンドクン,두근두근,의성어,"심장의 박동을 나타내는 의성어로, 긴장감이나 흥분 상태를 나타낸다. 문맥에 따라 '두근거리는', '두근대며' 등으로 변주하여 소설적 흐름에 맞게 자연스럽게 의역해야 한다. 단순히 소리 자체를 묘사하기보다 인물의 심리 상태가 투영된 박동으로 표현하는 것이 좋다.",ドクンドクンという心臓の鼓動が聞こえる。とても早いという訳ではないが落ち着いている感じではない。,도쿤도쿤이라는 심장의 고동이 들린다.,두근두근거리는 심장 박동 소리가 들려온다.
プカプカ,둥둥,의성어,"물 위에 가볍게 떠 있는 모양을 나타낸다. 소설적 문맥에서는 단순히 '떠 있다'라고 하기보다 '둥둥 떠 있다'와 같이 부사적 표현을 사용하여 시각적인 이미지를 자연스럽게 전달해야 한다. 문장의 흐름에 따라 '둥둥 떠 있는', '둥둥 떠다니는' 등으로 의역하는 것이 좋다.",決して大きくはない胸が湯船の上で控えめにプカプカと浮かぶ。年齢的にも魅力的だとは思わないし、改めて、選び放題のイケメンお坊ちゃまが私のようなおばさんをどうして選んだのか疑問に思った。,크지 않은 가슴이 욕조 위에서 조심스럽게 푸카푸카 떠 있다.,결코 크다고 할 수는 없는 가슴이 욕조 위에서 조심스럽게 둥둥 떠 있었다.
グビグビ,벌컥벌컥,의성어,"액체를 단숨에 들이켜는 소리나 모양을 나타낸다. 소설적 문맥에서는 '벌컥벌컥' 혹은 '꿀꺽꿀꺽'으로 번역하며, 문장의 흐름에 따라 '벌컥벌컥 들이켰다' 혹은 '꿀꺽 소리를 내며 마셨다'와 같이 동사와 자연스럽게 어우러지도록 의역해야 한다.",そう言い切り、拓海の叔父である昭二さんはコップに入ったビールをグビグビと喉を鳴らしながら飲み干した。,쇼지 씨는 컵에 담긴 맥주를 구비구비 목을 울리며 다 마셨다.,그렇게 단언하며 타쿠미의 삼촌인 쇼지 씨는 컵에 담긴 맥주를 벌컥벌컥 목울대를 울리며 단숨에 비워냈다.
ジュジュ,"질척, 질척질척, 찌적",의성어,"액체가 섞인 상태에서 무언가 마찰하거나 짓눌릴 때 나는 젖은 소리를 나타낸다. 소설의 문맥에 따라 '질척이는 소리'나 '질척질척'처럼 상태를 묘사하는 부사로 의역하거나, 상황의 수위에 따라 '찌적'과 같이 조금 더 날카로운 느낌을 줄 수 있다. 단순히 소리 자체를 음차하기보다는 액체의 질감이 느껴지도록 번역해야 한다.",――グジュ！　グジュジュ！,――쥬쥬! 쥬쥬쥬!,――질척! 질척질척!
チュチュ,질척질척,의성어,"입술이나 젖은 점막이 맞닿아 마찰할 때 나는 소리를 나타낸다. 소설의 문맥에 따라 '질척질척', '츄릅', '쪽쪽' 등 상황에 맞는 의성어로 의역해야 하며, 단순히 소리 자체를 나열하기보다 문장의 흐름에 맞춰 자연스러운 한국어 표현으로 녹여내야 한다.",――クチュチュ♪,――츄츄♪,――질척질척♪
ティティ,가쁜 숨,의성어,"문맥상 긴장감이나 흥분으로 인해 입술 사이로 새어 나오는 짧고 가냘픈 숨소리를 의미한다. 소설적 허용을 통해 '티티'라는 음성 상징어를 그대로 옮기기보다는, 인물의 상태를 묘사하는 '가쁜 숨', '새어 나오는 숨', '작은 숨결' 등으로 의역하여 문장의 호흡을 살려야 한다.",緊張で詰まった息を吐き出すように、私は声を殺しながら甘い吐息を吐き出す。これまでとは比較にならないほどリスクが高い行いだというのに、私の身体はそんなスリルを堪能していた。波風立てない保守的な性格なはずなのに、大雑把な誰かさんと過ごす内に私のアイデンティティーも少し変わって来ているのだろう。,나는 목소리를 죽이며 달콤한 티티를 내뱉는다.,나는 목소리를 죽이며 달콤한 숨을 몰아쉬었다.
イライラ,"안달이 나서, 애가 타서, 짜증이 나서",의성어,"단순히 화가 난 상태를 넘어, 욕구가 해소되지 않아 몸과 마음이 달아오르고 초조해하는 문맥이다. 소설적 허용을 통해 '안달이 나다', '애가 타다'와 같이 욕망과 결합된 초조함을 표현하는 것이 자연스럽다. '이라이라'를 '짜증이 나서'라고만 직역하면 성적인 긴장감이 결여될 수 있으므로 주의해야 한다.",「え、えぇ……す、すごくセックスしたくて、けど、できないから、すごく、ムラムラして、イライラして……」,"너무 하고 싶어서, 엄청 무라무라하고 이라이라해서……","너무 하고 싶어서, 정말 몸이 달아오르고 애가 타서……"
ムラムラ,"몸이 달아올라, 근질근질, 애가 타서",의성어,"성적인 욕구가 강하게 일어나 참기 힘든 상태를 나타낸다. 문맥에 따라 '몸이 달아오르다', '애가 타다', '근질근질하다' 등으로 의역하며, 화자의 감정 상태가 고조된 것을 소설적으로 자연스럽게 표현해야 한다. 단순히 '욕정이 생기다'와 같은 딱딱한 표현보다는 인물의 갈증이나 조바심이 느껴지도록 번역한다.",「え、えぇ……す、すごくセックスしたくて、けど、できないから、すごく、ムラムラして、イライラして……」,너무 무라무라해서 이라이라해요.,"너무 몸이 달아올라서, 애가 타 죽겠단 말이에요……."
シャシャ,"촤르르, 촤르르르, 촤르륵",의성어,"금속이나 단단한 물체가 빠르게 스치거나 긁히는 소리, 혹은 얇은 천이나 종이가 급하게 쓸리는 소리를 나타낸다. 문맥에 따라 '촤르르'와 같이 속도감과 질감을 살려 의역해야 하며, 단순히 '샤샤'라고 음차하는 것은 피해야 한다.",――カシャシャシャシャシャ！,카샤샤샤샤샤! 소리를 내며 칼이 움직였다.,촤르르르륵! 하는 소리와 함께 칼날이 빠르게 스쳐 지나갔다.
ズボズボ,"퍽퍽, 푹푹, 찔러대는",의성어,"성적인 행위 중 삽입이 반복되는 거칠고 깊은 움직임을 나타낸다. 문맥상 단순히 소리를 묘사하기보다 '퍽퍽 박히는', '푹푹 찔러대는' 등 동사적 표현을 활용하여 행위의 격렬함을 소설적으로 묘사해야 한다. '즈보즈보'를 그대로 음차하거나 단순한 의성어로 처리하는 것은 피해야 한다.",「す、すごいわ、これ❤　見えちゃっているわ、私たちが繋がって入るところ❤　ズボズボと犯されちゃっているところ、見えちゃっているわぁ❤」,우리가 연결되는 곳이 즈보즈보 범해지고 있는 것이 보여요.,"우리가 연결되는 곳이, 퍽퍽 범해지고 있는 모습이 다 보인다고요!"
ヌチュヌチュ,질척질척,의성어,"액체나 점액질이 섞인 상태에서 발생하는 끈적하고 외설적인 마찰음을 나타낸다. 소설적 문맥에서는 단순히 단어만 나열하기보다 '질척이는', '질척질척거리는' 등 형용사적 표현이나 부사적 표현을 사용하여 상황의 분위기를 살려 자연스럽게 의역하는 것이 중요하다.",部屋の中には家内と健太君の肌が擦れ合う鈍い音に混じって、ヌチュヌチュという卑猥な音が響きました。,"방 안에는 아내와 켄타 군의 피부가 스치는 둔탁한 소리에 섞여, 누츄누츄라는 비외한 소리가 울렸습니다.","방 안에는 아내와 켄타 군의 살결이 맞닿는 둔탁한 소리에 섞여, 질척질척거리는 외설적인 소리가 울려 퍼졌습니다."
ガクンガクン,"격하게, 덜컥덜컥, 크게",의성어,"신체가 강한 충격이나 움직임에 의해 위아래로 크게 흔들리는 모양을 나타낸다. 소설적 문맥에서는 단순히 소리를 묘사하기보다 '몸이 격하게 흔들리며', '몸이 크게 출렁이며'와 같이 동작의 강도를 나타내는 부사나 형용사적 표현으로 의역하여 문장의 호흡을 자연스럽게 만드는 것이 중요하다.",家内は顔をタオルで覆い隠しているものの、健太君の執拗な攻撃に感じているのは明らかでした。身体がガクンガクンと揺れ、身体を大きくよじりながらもう耐えられなくなったのか、股間に吸い付いている健太君の頭を押して離そうとしましたが、まったく無駄な抵抗でした。,신체가 가쿤가쿤하고 흔들리고 있었다.,"몸이 격하게 흔들리고 있었고, 몸을 크게 뒤틀며 더는 견딜 수 없게 된 것인지..."
ビラビラ,너덜너덜하게,의성어,"신체 부위가 변형되거나 늘어진 상태를 묘사하는 표현이다. 문맥상 출산 등의 경험으로 인해 형태가 변해버린 성기 부위를 비하하거나 자조적으로 표현하고 있으므로, 단순히 '너덜너덜'이라고 하기보다 '너덜너덜하게 늘어진', '너덜거리는' 등 형용사적 표현을 사용하여 문장의 흐름에 맞게 자연스럽게 의역해야 한다.",健太君が今自分の性器を見ている……もう若くない、子供を産み、黒ずんで周りがビラビラになってしまっている性器を見られることに恥ずかしくて耐えられないのか…,주변이 비라비라하게 되어버린 성기를 보여주는 것이...,주변이 너덜너덜하게 변해버린 성기를 보여주는 것이...
ギンギン,"빳빳하게, 탱탱하게, 터질 듯이",의성어,"단순히 딱딱하다는 의미를 넘어, 혈류가 모여 매우 단단하고 강하게 발기된 상태를 강조하는 표현이다. 문맥상 성적인 긴장감과 압도적인 부피감을 전달해야 하므로, '빳빳하게' 혹은 '터질 듯이'와 같이 힘이 잔뜩 들어간 상태를 나타내는 부사로 의역하는 것이 자연스럽다. '긴긴'과 같은 기계적 직역은 피해야 한다.",赤黒くギンギンにそそり立った大砲のような竿、その先には三角形に大きく膨張した鎌首が家内に狙いを定めて近寄っていきました。,검붉게 긴긴하게 솟아오른 대포 같은 자루...,"검붉게 빳빳하게 솟아오른 대포 같은 자루, 그 끝에는 삼각형으로 크게 부풀어 오른 머리가 집 안을 겨냥하며 다가갔습니다."
ピッタリ,"딱 붙어서, 빈틈없이, 밀착하여",의성어,"이 문맥에서 'ピッタリ'는 신체나 물체가 빈틈없이 맞닿아 있는 상태를 의미한다. 소설적 허용을 고려하여 단순히 '딱'이라고 하기보다는, 인물의 행동이 자연스럽게 이어지도록 '딱 붙어서 앉았다' 혹은 '빈틈없이 몸을 붙였다'와 같이 동작의 밀착도를 나타내는 표현으로 의역하는 것이 좋다.",健太君は家内のそばに近付くと、ピッタリ寄り沿うようにベッドに座りました。家内の左側に座った健太君は、右手を家内の肩に回し、自分の方に引き寄せました。家内の身体が健太君の方に傾き、頭が健太君の顎の下に入ると、健太君はしばらく家内を抱きしめていました。いよいよなのか…家内の身体は震えているように見えました。,"켄타 군은 집안의 곁에 다가가자, 핏타리 다가붙듯이 침대에 앉았습니다.","켄타 군은 아내의 곁으로 다가가더니, 마치 딱 달라붙으려는 듯 침대 위로 몸을 밀착해 앉았습니다."
メロメロ,"정신을 못 차릴 정도로, 넋이 나간, 헤롱헤롱, 푹 빠져서",의성어,"상황에 따라 '정신을 못 차릴 정도로', '넋이 나간 듯한' 등 인물의 상태를 묘사하는 형용사적 표현으로 의역해야 한다. 단순히 '메로메로'라는 발음을 옮기거나 '홀딱 반한' 같은 가벼운 표현보다는, 문맥상 상대방의 행위에 의해 이성을 잃고 황홀경에 빠진 상태임을 나타내는 소설적 표현을 사용하는 것이 자연스럽다.",しかし落ち着いて考えてみれば、家内はいかされてしまうメロメロになっているのに、健太君は携帯の操作をしていることが不思議でした。そこまで健太君に余裕があるということは、もしや健太君は何か道具のようなものを使っているのではないか…そう思うと腹が立ってきました。家内を抱くことは了承したものの、最初から道具を使うとは…もしそうなら許せません。道具を使うなとは言われてないと健太君が言うならその通りかもしれません。しかし、道具を使うということは家内の身体を玩具のようにしか考えていないということです。私にはそれが許せないのです。家内のことが好きだと言っていたのに…それならもっと大事にするべきです。,아내는 메로메로가 되어 버렸습니다.,"아내는 정신을 못 차릴 정도로 황홀경에 빠져 있는데,"
ガサガサ,"부스럭부스럭, 서걱서걱",의성어,"물건이 쓸리거나 마찰할 때 나는 소리를 나타낸다. 문맥상 전화기 너머로 무언가 물건을 뒤적이거나 옷가지 등이 거칠게 스치는 상황이므로, 소설적 허용을 더해 '부스럭부스럭' 혹은 물체가 강하게 부딪히는 느낌의 '서걱서걱' 등으로 상황에 맞춰 의역해야 한다. 단순히 '가사가사'라고 음차하는 것은 피해야 한다.",家内が昇天するような喘ぎ声に混じって、ガサガサと大きな音がして携帯が途切れてしまったのです。,아내가 승천하는 듯한 신음 소리에 섞여 가사가사 큰 소리가 나더니 휴대전화가 끊겨 버렸습니다.,"아내가 정신을 못 차릴 정도로 내뱉는 신음 소리 사이로, 무언가 부스럭거리는 커다란 소리가 들리더니 이내 전화가 끊겨 버렸습니다."
サワサワ,"스르륵, 사락사락",의성어,"가벼운 물체가 스치거나 바람에 흔들리는 소리, 혹은 종이나 천이 부드럽게 마찰하는 소리를 나타낸다. 본 문맥에서는 휴대폰 근처에서 이불이 쓸리는 소리를 묘사하므로, '사락사락' 혹은 '스르륵'과 같이 가볍고 부드러운 마찰음을 사용하여 문학적 분위기를 살려야 한다. '사와사와'라고 직역하는 것은 피해야 한다.",すると、携帯からサワサワと布団が擦れ合うような音に混じって微かに声が聞こえてきたのです。,그러자 휴대폰에서 사와사와하고 이불이 서로 스치는 듯한 소리에 섞여 희미하게 목소리가 들려왔습니다.,그러자 휴대폰에서 이불이 사락사락 스치는 듯한 소리에 섞여 희미하게 목소리가 들려왔습니다.
ガチガチ,딱딱하게,의성어,"단단하게 굳거나 팽창하여 매우 견고해진 상태를 나타낸다. 문맥상 신체 부위가 극도로 발기하거나 팽창하여 압박감이 느껴지는 상황이므로, 단순히 '딱딱하다'는 표현을 넘어 '딱딱하게 부풀어 올라', '단단히 팽창하여'와 같이 문장의 흐름에 맞춰 형용사나 부사 형태로 자연스럽게 의역해야 한다.",正直なところ少し迷いもありましたが、私はすんなりと了承してしまいました。あの健太君の巨大なもの、あれがガチガチに膨張して家内の中に入ったら果たしてどうなるのか、どんな反応をするのか、痛がるのか、狂ったように喘ぐのか…早くみたい、とにかく見たい、その一心でした。,"그 켄타 군의 거대한 것, 그것이 가치 가치 팽창해서 집안 내부에 들어오면...","그 켄타 군의 거대한 것, 그것이 딱딱하게 부풀어 올라 내 안으로 들어오면 과연 어떻게 될지, 어떤 반응을 보일지, 아파할지, 아니면 미친 듯이 신음할지… 빨리 보고 싶다, 어쨌든 보고 싶다는 일념뿐이었다."
ポッチリ,"도드라진, 불쑥 솟은, 봉긋하게 드러난",의성어,"작고 둥근 것이 살짝 튀어나온 모양을 나타낸다. 소설적 문맥에서는 신체 부위의 실루엣이 옷 위로 드러나는 상황이므로, 단순히 '점처럼 있다'는 식의 표현보다는 '도드라져 보인다'거나 '봉긋하게 윤곽이 드러났다'는 식의 묘사적 표현을 사용하여 관능적이거나 섬세한 분위기를 살려 의역해야 한다.",「仁美さん　着替えて出てきたんですけど…ノーブラだったんです。白いＴシャツ一枚だけで、下半身まですっぽり隠れてしまう大きいシャツでしたけど、胸のあたりにポッチリと…」,가슴 근처에 포치리라고 점이 있었다.,가슴 근처에 유두의 윤곽이 도드라져 보였다.
ボサボサ,"부스스한, 헝클어진",의성어,"머리카락이 정돈되지 않고 제멋대로 뻗치거나 엉망이 된 상태를 나타낸다. 문맥상 샤워 후 젖은 상태에서 머리가 엉망이 된 상황이므로, 단순히 '부스스하다'라고 하기보다 '헝클어진 채로', '부스스하게 젖은' 등 문장의 흐름에 맞춰 자연스럽게 서술형으로 의역하는 것이 소설적 표현으로 적절하다.",「仁美さんはちょっとビックリした感じで、脱衣室のドアを半分だけ開けて顔を出してくれました。髪はボサボサで濡れてて、バスタオルで身体の前を隠してました。僕は見てはいけないと思って顔をそらしながら言ったんです」,"머리는 보사보사하고 젖어 있어서, 바스타올로 몸 앞을 가리고 있었습니다.","머리는 헝클어진 채 젖어 있었고, 바스타올로 몸 앞을 가리고 있었습니다."
フツフツ,"꿈틀꿈틀, 부글부글, 울컥울컥",의성어,"내면의 욕망이나 감정이 억눌려 있다가 서서히, 혹은 강렬하게 솟구쳐 오르는 모양을 나타낸다. 문맥상 48년간 억눌러온 '네토리(NTR) 욕망'이 의식 위로 떠오르는 상황이므로, 단순히 끓는 모양인 '부글부글'보다는 감정의 동요를 나타내는 '꿈틀꿈틀'이나 갑자기 치밀어 오르는 느낌의 '울컥울컥' 등으로 의역하는 것이 소설적 문체에 적합하다.",自分でも信じられないような言葉がつい出てしまいました。今まで４８年の人生で思いもよらなかった寝取られ願望のようなものが、私の中でフツフツと沸いていたのです。,나의 안에서 네토리 욕망 같은 것이 후츠후츠와 끓고 있었습니다.,나의 안에서 네토리 욕망 같은 것이 꿈틀거리며 끓어오르고 있었습니다.
ソワソワ,"안절부절못하다, 안달복달하다, 마음이 들뜨다",의성어,"상황에 따라 '안절부절못하며', '마음이 들떠서' 등 화자의 심리 상태를 나타내는 부사적 표현으로 의역해야 한다. 단순히 '소와소와하다'라고 직역하기보다, 기대감이나 초조함으로 인해 마음이 진정되지 않는 상태를 소설적 문체로 자연스럽게 풀어내는 것이 핵심이다.",゛上坂さん　今日は仁美さんにお世話になります。今、夕方６時ぐらいに買い物してから行くからって電話をいただきました。ビデオの方も昨晩確認して見えにくい位置にセットしましたし、４時間は撮影できます。僕もなんだかソワソワして落ち着かなくて、３時ぐらいに早退して仁美さんをお待ちしようと思ってます。お約束は必ず守りますよ。仁美さんが帰られた後にご連絡させていただきます゛,저도 왠지 소와소와해서 진정이 안 됩니다.,저도 왠지 마음이 들떠서 진정이 안 되네요.
チビチビ,"홀짝홀짝, 조금씩",의성어,"술이나 음료를 한꺼번에 마시지 않고 아주 적은 양을 계속해서 조금씩 마시는 모양을 나타낸다. 소설적 문맥에서는 술을 마시는 행위의 초조함이나 공허함을 드러내기 위해 '홀짝홀짝'과 같은 의태어를 사용하거나, '조금씩'과 같이 부사적으로 처리하여 문장의 흐름을 자연스럽게 만드는 것이 좋다. 단순히 '찔끔찔끔'이라고 하면 부정적인 느낌이 강해질 수 있으므로 상황에 맞춰 조절해야 한다.",家内はもう健太君のマンションに行ったのか、今頃何をしているのか、私はまったく落ち着きませんでした。食卓には家内が用意してくれた夕食が置いてありましたが、食事を食べる気にもなりません。冷蔵庫からビールを出してきて、テレビを見ながらチビチビ飲んでいましたが、どれだけ飲んだのか、テレビがどんな内容だったのかまったく覚えてないぐらいです。,맥주를 치비치비 마시고 있었습니다.,"맥주를 꺼내 TV를 보며 홀짝홀짝 마시고 있었지만, 얼마나 마셨는지 기억조차 나지 않았습니다."
バッチリ,"완벽하게, 아주 잘, 빈틈없이",의성어,"상태나 결과가 매우 만족스럽거나 결함이 없는 모양을 나타낸다. 소설의 문맥에 따라 '아주 잘 찍혔다', '완벽하게 녹화되었다' 등 상황에 맞춰 자연스러운 부사로 의역해야 한다. 단순히 '배치리'라고 음차하거나 '딱 맞게'라고 직역하기보다, 화자의 능숙함이나 결과물의 완성도를 강조하는 표현을 사용한다.",「そうですよね、ところでビデオもバッチリ撮れてますけどどうしましょう？DVDにでもダビングしてお渡ししましょうか？」,비디오도 배치리 찍혀 있습니다만 어떻게 할까요?,비디오도 아주 잘 찍혀 있습니다만 어떻게 할까요?
ハキハキ,"또박또박, 명랑하게",의성어,"말투나 태도가 분명하고 시원시원한 모양을 나타낸다. 문맥에 따라 '말을 또박또박 하다', '태도가 명랑하고 시원시원하다' 등으로 의역하여 인물의 성격이 드러나도록 번역해야 한다. 단순히 '하키하키하게'와 같은 식으로 음차하지 않도록 주의한다.",健太君はいつもの通り明るくハキハキとしていました。,켄타 군은 평소처럼 밝고 하키하키했습니다.,켄타 군은 평소처럼 밝고 또박또박하게 말을 했습니다.
グニュグニュ,"물렁물렁, 말랑말랑, 꿈틀꿈틀",의성어,"부드러운 물체가 형태를 바꾸며 움직이는 모양을 나타낸다. 문맥상 손바닥 안에서 고환이 움직이는 촉감을 묘사하고 있으므로, 단순히 질감이 아닌 '움직임'이 느껴지도록 '꿈틀꿈틀'이나 '물렁물렁' 등으로 의역하는 것이 자연스럽다. 상황에 따라 '물렁물렁하게 움직이는', '꿈틀거리는' 등 형용사나 동사 형태로 변주하여 소설적 문체로 다듬어야 한다.",グニュグニュと、掌の中で２つの金玉が踊る。２つの玉は固定されているので縦横無尽に陰嚢の中を動き回るという訳ではなく、一定の範囲内での移動を繰り返す。,"그뉴그뉴하게, 손바닥 안에서 두 개의 금구슬이 춤춘다.",손바닥 안에서 두 개의 고환이 꿈틀거리며 움직였다.
ベロベロ,"낼름낼름, 할짝할짝, 핥짝핥짝",의성어,"혀를 사용하여 무언가를 강하게 또는 반복적으로 핥는 모양을 나타낸다. 소설의 문맥과 수위에 따라 '낼름낼름'과 같이 가벼운 느낌부터 '핥짝핥짝'처럼 노골적인 느낌까지 조절하여 번역해야 한다. 단순히 혀의 움직임만을 직역하기보다, 행위의 질감이 느껴지도록 의역하는 것이 중요하다.",「ちゅぶちゅぶちゅぶ❤　んねろれろねろ❤　ベロベロぉ～っ❤」,「츄붑츄붑❤ 응네로레로네로❤ 베로베로오~❤」,"「츄릅, 츄릅, 츄릅❤ 응, 레로레로❤ 핥짝, 핥짝핥짝❤」"
スンスン,킁킁,의성어,"코를 대고 냄새를 맡는 소리를 나타낸다. 문맥에 따라 '킁킁거리며', '킁킁대며' 등으로 변주하여 소설적 흐름에 맞게 의역해야 한다. 단순히 소리 자체를 나열하기보다 캐릭터의 행동이 느껴지도록 자연스럽게 처리하는 것이 중요하다.",「ン……スンスン……❤」,「음…… 스ンスン……❤」,「음…… 킁킁……❤」
バラバラ,"산산조각, 갈가리, 뿔뿔이",의성어,"물리적인 파편이 흩어지는 상태뿐만 아니라, 신체가 감당할 수 없는 충격으로 인해 형체가 무너지거나 해체되는 듯한 느낌을 줄 때 사용한다. 소설적 문맥에서는 '몸이 산산조각 나다', '몸이 갈가리 찢겨 나가다'와 같이 신체의 훼손이나 붕괴를 강조하는 표현으로 의역하는 것이 자연스럽다.",全身がバラバラになってしまいそうなほどの衝撃だった。身体が無意識に動くので踏ん張ることができず、急激な筋肉の動きに関節が外れ、靭帯が痛みそうなほどの衝撃だった。,전신이 바라바라가 되어버릴 것 같은 충격이었다.,전신이 산산조각 나버릴 것만 같은 충격이었다.
パタパタ,"펄럭펄럭, 파닥파닥",의성어,"옷자락을 손으로 잡고 가볍게 흔드는 동작을 나타낸다. 소설적 문맥에서는 동작의 리듬감이나 소리를 살려 '펄럭이며', '파닥거리며' 등으로 의역하는 것이 자연스럽다. 단순히 소리만 묘사하기보다 동작의 느낌을 살려 문장에 녹여내야 한다.",そんな暑さを少しでも和らげようと、胸元の開いた服を着ている私はパタパタと摘まんだ服を動かして汗が貯まる僅かばかりの控えめな谷間に風を送る。,나는 파타파타하고 옷을 움직여서 땀이 고인 가슴 사이로 바람을 보낸다.,"나는 펄럭이며 옷자락을 흔들어, 땀이 살짝 고인 가슴 사이로 바람을 불어넣었다."
ピクピク,"파르르, 움찔움찔, 경련하듯",의성어,"근육의 피로와 경련을 나타내는 표현이다. 문맥상 신체가 통제력을 잃고 미세하게 떨리는 상태를 묘사하므로, 단순히 '파르르'라고 하기보다는 상황의 긴박함이나 신체적 반응의 강도에 따라 '움찔거리며', '파르르 떨며'와 같이 동사형으로 자연스럽게 풀어내는 것이 소설적 문체에 적합하다.",筋肉には疲労物質が蓄積し、栄養を使い切った身体はピクピクと小刻みに震えて痙攣している。そして、痙攣して動くたびに膣内に出された精液が膣肉に馴染んでまた絶頂する。,영양을 다 써버린 몸은 피쿠피쿠하고 잘게 떨며 경련하고 있다.,영양분을 모두 소진한 몸은 파르르 떨며 경련을 일으키고 있었다.
ボロボロ,만신창이,의성어,"상태가 매우 엉망이거나 기력이 다해 형편없는 모습을 나타낸다. 문맥상 육체적으로 한계에 다다라 몸이 망가질 대로 망가진 상태를 의미하므로, 소설적 흐름에 따라 '만신창이가 된', '엉망진창인', '너덜너덜해진' 등으로 상황에 맞춰 의역해야 한다. 단순히 '보로보로'를 '너덜너덜'로만 직역하기보다 인물의 처절한 상태를 강조하는 표현을 선택하는 것이 좋다.",ぐったりと、うつ伏せになった身体からは完全に力が抜けていた。しかし、女としての執念か、あるいは、メスとしての本能か、そんなボロボロの状態の身体にあってうつ伏せのままでも膝は立て、グイッとお尻だけは突き出していた。,그런 보로보로 상태의 몸에 있어서 엎드린 채로도 무릎은 세우고...,"그런 만신창이가 된 몸임에도 불구하고, 엎드린 채로 무릎을 세우고..."
ニヤニヤ,"히죽히죽, 싱글벙글, 능글맞게",의성어,"상대방을 놀리거나 속마음을 알고 있다는 듯이 기분 나쁘지 않게, 혹은 능글맞게 웃는 모양을 나타낸다. 소설의 문맥에 따라 '히죽히죽'으로 웃는 모양을 묘사하거나, '능글맞게 바라보았다'와 같이 부사적으로 의역하여 인물의 태도를 자연스럽게 표현해야 한다.",言い訳の理由を失った私を大河はニヤニヤしながら見た。,변명할 이유를 잃은 나를 타이가는 니야니야하며 보았다.,"변명할 구실마저 잃어버린 나를, 타이가는 히죽히죽 웃으며 바라보았다."
フワフワ,"몽롱해지는, 아찔해지는, 붕 뜨는",의성어,"쾌락으로 인해 정신이 혼미해지거나 몸이 공중에 뜨는 듯한 감각을 나타낸다. 문맥상 성적 흥분이 극에 달해 정신이 아득해지는 상태를 묘사하므로, '머리가 붕 뜨는 것 같다' 혹은 '정신이 몽롱해진다'와 같이 상황에 맞춰 의역해야 자연스럽다. 단순히 '푹신푹신'과 같은 물리적 질감으로 직역하는 것은 피해야 한다.",「大河がヤってくれたみたいに、クリトリスを捏ね回すの❤　こうするとどんどん大きく勃起して、頭がフワフワするの❤」,머리가 후와후와해져.,머릿속이 몽롱해져.
ケラケラ,"깔깔, 낄낄",의성어,"웃음소리를 나타내는 의성어로, 주로 숨이 넘어갈 듯하거나 막힘없이 시원하게 웃는 모양을 의미한다. 소설의 문맥에 따라 '깔깔거리며', '낄낄 웃으며' 등 인물의 성격이나 상황에 맞춰 자연스러운 한국어 웃음소리로 의역해야 한다. 단순히 '케라케라'라고 음차하는 것은 피해야 한다.",私の緊張が伝わったのか大河はケラケラと笑いながら私を見た。,나의 긴장이 전해졌는지 타이가는 케라케라 웃으며 나를 보았다.,나의 긴장이 전해졌는지 타이가는 깔깔 웃으며 나를 바라보았다.
パンパン,"팽팽하게, 빵빵하게, 터질 듯이",의성어,"무언가 가득 차서 부풀어 오른 상태를 나타낸다. 문맥상 성적인 흥분으로 인해 특정 부위가 부풀어 오른 상황이므로, 소설적 허용을 더해 '터질 듯이 부풀어 올랐다'거나 '팽팽하게 부풀었다'와 같이 상태를 묘사하는 형용사적 표현으로 의역하는 것이 자연스럽다. 단순히 '빵빵하게'라고만 하기보다 문장의 흐름에 따라 부풀어 오른 모양새를 강조하는 표현을 선택해야 한다.",「欲しがってクリがパンパンに膨らんで勃起しているじゃん。これって、かなりオナニーした女性特有の症状だって知っていた？」,원해서 클리가 빵빵하게 부풀어서 발기하고 있잖아.,원해서 클리가 터질 듯이 부풀어 올라 발기해 있잖아.
スッキリ,"개운하게, 후련하게, 홀가분하게",의성어,"마음속을 짓누르던 고민이나 얽매여 있던 상태에서 벗어나 정신이 맑아지고 시원해진 상태를 나타낸다. 문맥에 따라 '개운한', '후련한' 등으로 형용사화하거나, '후련하게'와 같이 부사로 의역하여 문장의 흐름을 자연스럽게 만드는 것이 중요하다. 단순히 '깔끔하게'라고 직역하기보다 감정적 해방감이 느껴지도록 번역해야 한다.",洗脳などではないと思いながらも、まるで、黒薔薇桃華という洗脳から解かれたような、そんなスッキリとした爽やかな瞬間だった。,"마치 쿠로바라 모모카라는 세뇌에서 풀려난 것 같은, 그런 스ッキリ한 순간이었다.","마치 쿠로바라 모모카라는 세뇌에서 풀려난 듯, 모든 것이 개운하고 상쾌해지는 순간이었다."
スラスラ,"술술, 막힘없이",의성어,말이나 글이 막힘없이 매끄럽게 이어지는 모양을 나타낸다. 소설 문맥에서는 '말이 술술 나왔다' 혹은 '막힘없이 말을 내뱉었다'와 같이 문장의 흐름에 맞춰 자연스럽게 의역해야 한다. 단순히 '매끄럽게'라고 하기보다 입 밖으로 말이 잘 나오는 상태를 강조하는 표현이 적절하다.,準備していた会話の流れということもあり、私はスラスラと言葉が出た。今でもやはり男性との会話は慣れないので、今日に向けて色々とシミュレーションはして来た。そういうところも女友達からは馬鹿真面目だって笑われる。,"준비했던 대화의 흐름이라는 것도 있어서, 나는 스라스라 말이 나왔다.","준비했던 대화의 흐름 덕분인지, 내 입에서는 말이 술술 흘러나왔다."
ポンポン,"척척, 펑펑, 거침없이",의성어,"돈이나 물건을 망설임 없이 계속해서 내놓거나 사용하는 모양을 나타낸다. 문맥상 비싼 초밥을 고민 없이 계속 사주는 상황이므로, 한국어 소설 문체에서는 '척척 사주다', '펑펑 사주다', '거침없이 사주다'와 같이 부사적으로 자연스럽게 의역해야 한다. 단순히 '퐁퐁'과 같은 의성어로 직역하는 것은 피해야 한다.",「理事長ってこんなすげぇ家に住んでいるのかよ。それりゃあ、あの値段の寿司だってポンポン奢るよなぁ～」,그 가격의 초밥도 퐁퐁 사주겠네~,그 정도 가격의 초밥이라면 척척 사주겠는걸~
ペコペコ,"굽실굽실, 쩔쩔매며, 연신 고개를 숙이며",의성어,"상대방의 기세에 눌려 비굴하게 행동하거나, 잘못을 저질러 머리를 계속 숙이는 모양을 나타낸다. 소설의 문맥에 따라 '굽실거렸다', '쩔쩔맸다', '연신 고개를 숙였다' 등 인물의 태도를 묘사하는 동사 형태로 자연스럽게 의역해야 한다. 단순히 '페코페코했다'라고 직역하는 것은 피해야 한다.",「ゴリ山だってこの前怒られてペコペコしていたんだぞ」,고리야마도 요전에 혼나고 페코페코하고 있었다고.,“고리야마도 요전에 혼나고 나서 쩔쩔매고 있었다고.”
グチョグチョ,질척질척,의성어,"액체가 섞인 마찰음이나 젖은 소리를 나타내는 의성어다. 소설적 문맥에서는 단순히 소리를 묘사하는 것에 그치지 않고, '질척이는 소리', '질척질척거리는 소리'와 같이 문장의 흐름에 맞춰 자연스럽게 의역해야 한다. '구쵸구쵸'와 같은 일본어 발음의 직역은 피해야 한다.",グチョグチョと、卑猥な水音は部屋中に響き、結合部から漏れ出した私たちの匂いが閉め切った室内に充満し、その匂いを嗅いだだけでも絶頂への階段を駆け巡りそうになるほどだった。,구쵸구쵸하고 비외한 물소리가 방 안에 울려 퍼졌다.,"질척질척거리는 외설적인 물소리가 방 안에 울려 퍼졌고, 결합부에서 흘러나온 우리의 체취가 밀폐된 실내에 가득 차, 그 냄새를 맡는 것만으로도 절정을 향해 치닫는 듯한 기분이 들 정도였다."
バリバリ,"활기차게, 씩씩하게, 열정적으로, 거침없이",의성어,"일이나 행동을 매우 활발하고 거침없이 해내는 모양을 나타낸다. 문맥에 따라 '열심히', '씩씩하게' 등으로 의역할 수 있으며, 소설의 문체나 인물의 성격에 맞춰 '거침없이 일하다', '활기차게 일하다'와 같이 자연스러운 동사구 형태로 풀어내는 것이 좋다. 단순히 '바리바리'라고 음차하는 것은 피해야 한다.",仕事――離婚したことをきっかけに仕事をすることになったが、満里奈のように毎日バリバリ働くという訳ではなく、友人が経営する雑貨屋で働いている。,만리나처럼 매일 바리바리 일하는 것은 아니다.,만리나처럼 매일같이 거침없이 일하는 것은 아니다.
グワングワン,"출렁출렁, 휘청휘청, 격하게",의성어,"물체가 강한 힘에 의해 크게 흔들리거나 뒤틀리는 모양을 나타낸다. 본 문맥에서는 유방이 격렬한 움직임에 따라 형태가 무너질 듯이 크게 흔들리는 상황이므로, 단순히 '흔들리다'라고 하기보다는 '출렁출렁' 혹은 '격하게 휘청이며'와 같이 움직임의 크기와 질감을 살려 소설적으로 의역하는 것이 자연스럽다.",乳首は私の指によって固定されているので一定の場所に位置している。しかし、それ以外の大部分を占める乳房部分はどこにも拘束されていないため、私の激しい動きに合わせて乳房部分だけがグワングワンとそこだけ空間がねじ曲がったように動いていた。,나의 격한 움직임에 맞춰 유방 부분만이 구왕구왕 공간이 뒤틀린 것처럼 움직이고 있었다.,나의 격한 움직임에 맞춰 유방 부분만이 마치 공간이 뒤틀린 듯 출렁출렁 요동치고 있었다.
スルスル,"매끄럽게, 미끄러지듯",의성어,"무언가 저항 없이 매끄럽게 빠져나가거나 움직이는 모양을 나타낸다. 본 문맥에서는 손바닥 사이에서 유방이 미끄러져 나가는 촉감을 묘사하므로, '스르르', '매끄럽게', '미끄러지듯'과 같이 동작의 유연함과 질감을 살려 소설적으로 의역해야 한다. 단순히 '스르르'라는 의태어만 쓰기보다 문장의 흐름에 따라 '미끄러져 나가려 한다'와 같이 서술형으로 자연스럽게 풀어내는 것이 좋다.",動くたび、乳房はうなぎのようにスルスルと掴んでいる掌からすり抜けようとして動く。そんな自由気ままな乳房をギュッと力を込めて掴み、徐々に手をずらしながら先端の乳首を目指した。,움직일 때마다 유방은 장어처럼 스르르 잡고 있는 손바닥에서 빠져나가려고 움직인다.,"움직일 때마다 유방은 장어처럼 매끄럽게, 잡고 있는 손바닥 사이를 빠져나가려는 듯 꿈틀거렸다."
コツコツ,"꾸준히, 차근차근, 묵묵히",의성어,"성실하게 반복적인 일을 수행하는 모양을 나타낸다. 소설의 문맥에 따라 '꾸준히 노력하다', '차근차근 해나가다'와 같이 부사적 표현으로 의역하거나, 인물의 태도를 묘사하는 형용사적 느낌을 살려 자연스럽게 번역해야 한다. 단순히 '똑똑' 같은 발소리로 직역하지 않도록 주의한다.",「当然だよ。やっぱ、大事なのは毎日コツコツ反復してやることだって」,당연하지. 역시 중요한 건 매일 코츠코츠 반복하는 거야.,“당연하지. 역시 중요한 건 매일 꾸준히 반복하는 거야.”
ゴクゴク,꿀꺽꿀꺽,의성어,"액체를 목구멍으로 넘길 때 나는 소리를 나타낸다. 소설적 문맥에서는 단순히 소리를 묘사하는 것에 그치지 않고, '꿀꺽꿀꺽 삼켰다' 혹은 '꿀꺽꿀꺽 마셔댔다'와 같이 동작과 결합하여 자연스럽게 서술해야 한다. 문장의 흐름에 따라 '꿀꺽'으로 단축하여 긴박감이나 몰입감을 조절할 수 있다.",口内に蠢くドロドロに液体に唾液を混ぜてマイルドに、少し水っぽくなったその液体を私は喉を鳴らしながらゴクゴクと飲み込んでいく。,그 액체를 나는 고쿠고쿠하고 삼켜간다.,"입안에서 꿈틀대는 걸쭉한 액체에 타액을 섞어 조금 묽어진 그것을, 나는 목울대를 울리며 꿀꺽꿀꺽 삼켜 나갔다."
ウウウウ,"츄우우우, 쥬르르르, 츄릅",의성어,"액체가 섞인 강한 흡입음이나 젖은 마찰음을 나타내는 의성어다. 소설의 문맥에 따라 '츄우우우'처럼 길게 늘어뜨리거나, '츄릅', '쥬르르'와 같이 액체가 빨려 들어가는 느낌을 살려 상황에 맞게 의역해야 한다. 단순히 글자 그대로를 옮기기보다 입안에 가득 찬 액체가 소용돌이치며 빨려 들어가는 소리임을 인지하고 번역해야 한다.",「んぢゅずっ……ヂュウウウウッ！　ん、んちゅ、ぢゅるぢゅるぢゅぢゅうううっ！」,"「응쥬즈…… 쥬우우우우! 응, 응츄, 쥬루쥬루쥬쥬우우우!」","「응으으…… 츄우우우우! 응, 응, 츄릅, 쥬르르르르릅!」"
クラクラ,"어질어질, 아찔아찔, 핑",의성어,"정신이 혼미해지거나 현기증이 나는 상태를 나타낸다. 문맥상 강렬한 향기에 취해 정신을 못 차리는 상황이므로, 단순히 '어지럽다'는 표현보다는 '머리가 어질어질하다' 혹은 '정신이 아찔해지다'와 같이 감각적인 느낌을 살려 의역하는 것이 소설적 문체에 적합하다.",「んふっ❤　そんなの知っているわよ。知らなくても、頭がクラクラするようなこの強烈な匂いを嗅げば、誰だってすぐに気付くわよ❤」,"모르더라도, 머리가 쿠라쿠라하는 이 강렬한 냄새를 맡으면 누구나 금방 눈치챌 거야.","모른다 해도, 머리가 어질어질할 정도로 강렬한 이 냄새를 맡으면 누구라도 금방 눈치챌 거야."
チラチラ,"힐끗힐끗, 슬쩍슬쩍",의성어,"시선이 한곳에 머물지 않고 자꾸 눈에 띄게 움직이는 모양을 나타낸다. 소설의 문맥에 따라 '힐끗힐끗 쳐다보다', '슬쩍슬쩍 눈길을 주다'와 같이 동사와 결합하여 자연스러운 문장으로 의역해야 한다. 단순히 '힐끗'이라고 하기보다 반복되는 동작임을 나타내는 표현을 사용하는 것이 좋다.",「そうね。保護者懇談の時もみんなチラチラと私の方ばかり見ていたわ」,보호자 간담회 때도 모두가 나를 치라치라 보고 있었어.,맞아. 보호자 간담회 때도 다들 힐끗힐끗 나만 쳐다보더라고.
ヒソヒソ,소곤소곤,의성어,"작은 목소리로 낮게 속삭이는 소리를 나타낸다. 문맥상 주인공의 귀에 들릴 정도로 작게 말하는 상황이므로, 소설적 허용을 더해 '소곤거리는 소리', '소곤소곤거리는 소리' 등으로 자연스럽게 의역해야 한다. 단순히 '히소히소'라고 음차하거나 '소곤소곤 소리'처럼 명사형으로 딱딱하게 끊지 않도록 주의한다.",そんなヒソヒソ声もしっかりと私の耳に届く。先程の声に比べると幾分か清潔感のある声ではあったが、真面目で面白味のなさそうな声だった。,그런 히소히소 소리도 확실히 내 귀에 닿는다.,그렇게 소곤거리는 소리조차 내 귀에는 또렷이 들려왔다.
ベッタリ,"찰딱 달라붙어, 딱 붙어서, 찰떡같이 붙어서",의성어,대상에게 빈틈없이 밀착해 있거나 곁을 떠나지 않는 상태를 나타낸다. 소설의 문맥에 따라 '찰딱 달라붙어 있다' 혹은 '딱 붙어 있다'와 같이 인물의 태도나 물리적 거리를 묘사하는 자연스러운 표현으로 의역해야 한다. 단순히 '붙어 있다'라고 하기보다 밀착된 느낌을 살리는 것이 좋다.,１つの班は４人いるのに、葵という女は大河にだけベッタリで他のクラスメイトにはあまり話を振っていない。進行役としてはどう考えても失格で、まるで２人だけの空間を形成しているかのようだった。,아오이라는 여자는 타이가에게만 베따리로 있다.,"아오이라는 여자는 타이가에게만 찰딱 달라붙어 있을 뿐, 다른 반 친구들에게는 별로 말을 걸지 않았다."
ガラガラ,"덜컹덜컹, 드르륵",의성어,"문맥에 따라 미닫이문이 열리는 소리인 '드르륵'이나, 무거운 물체가 굴러가거나 흔들리는 소리인 '덜컹덜컹' 등으로 의역해야 한다. 단순히 소리 자체를 나열하기보다 상황의 움직임을 묘사하는 부사적 표현으로 자연스럽게 녹여내야 한다.",――ガラガラ。,――가라가라.,――드르륵.
ブツブツ,"투덜투덜, 궁시렁궁시렁",의성어,"불만이나 불평을 입 밖으로 계속 내뱉는 모양을 나타낸다. 문맥상 화자가 마지못해 행동하거나 불만을 표출하는 상황이므로, 소설의 흐름에 따라 '투덜거리며', '궁시렁대며', '투덜투덜대며' 등 자연스러운 동사형이나 부사형으로 의역하는 것이 좋다. 단순히 '부츠부츠'라고 음차하는 것은 피해야 한다.",ブツブツと文句を言いながら、許可を得た私は口内に片方の睾丸……金玉を含んでしゃぶった。,"부츠부츠 불만을 말하면서, 허가를 얻은 나는...","투덜투덜 불평을 늘어놓으면서도, 허락을 받은 나는 입안에 한쪽 고환…… 금구슬을 머금고 빨기 시작했다."
ベトベト,"끈적끈적하게, 질척하게, 범벅으로",의성어,"액체가 묻어 달라붙거나 점성이 강한 상태를 나타낸다. 소설적 문맥에서는 단순히 상태를 설명하기보다 '질척하게 적시다', '범벅으로 만들다'와 같이 동사적 표현과 결합하여 묘사하는 것이 자연스럽다. '베토베토'를 그대로 음차하거나 단순히 '끈적하다'로만 치부하기보다, 상황의 농도에 따라 '질척하게' 혹은 '범벅으로'와 같이 의역하여 관능적인 느낌을 살려야 한다.",基本的には舌を突き出したまま、時折、口の中に戻すことはあっても、すぐにベットリと唾液でコーティングして湿らせる。そして、唾液を纏った舌を再び大河の陰茎へと這わせ、まるでマーキングするかのように大河の肉棒を私の唾液でベトベトにする。,나의 타액으로 타이가의 육봉을 베토베토하게 만든다.,나의 타액으로 타이가의 성기를 질척하게 범벅으로 만든다.
ネットリ,끈적끈적하게,의성어,"점성이 강해 달라붙는 질감을 나타내는 표현이다. 문맥상 액체나 물질이 끈적하게 늘어지거나 달라붙는 상태를 묘사하므로, 소설적 허용을 더해 '끈적끈적하게', '진득하게', '질척하게' 등 상황에 맞는 부사적 표현으로 의역해야 한다. 단순히 질감만을 설명하는 것이 아니라, 손가락 사이에서 늘어지는 시각적·촉각적 이미지를 살리는 것이 중요하다.",それはもう、見ただけで粘性がわかるほどネットリとしており、大河の親指と人差し指の間に橋を作っていた。,그것은 이미 본 것만으로도 점성이 알 수 있을 정도로 넷토리하고 있었다.,"그것은 보기만 해도 점성이 느껴질 정도로 끈적끈적하게 늘어져, 타이가의 엄지와 검지 사이에 다리를 만들고 있었다."
バクバク,"두근두근, 쿵쾅쿵쾅",의성어,"심장 박동이 매우 빠르고 강하게 뛰는 상태를 나타낸다. 문맥상 누군가에게 들킬까 봐 느끼는 극도의 긴장감과 불안감을 표현해야 하므로, 단순히 심장이 뛰는 것을 넘어 '심장이 요동치다', '심장이 쿵쾅거리다'와 같이 긴박한 심리 상태가 드러나도록 의역하는 것이 자연스럽다.",家を出て近所の段階では誰かに見られないかと思って心臓がバクバク。帝都駅ではそこで予期せぬ知り合いに会わないかと周囲を警戒してばかりでクタクタ。,집을 나서서 근처 단계에서는 누군가에게 보이지 않을까 생각해서 심장이 바쿠바쿠했다.,집을 나서 근처를 지날 때는 누군가에게 들키지는 않을까 싶어 심장이 쿵쾅거렸다.
ヘトヘト,"녹초가 된, 기진맥진한, 완전히 지친",의성어,"단순히 '피곤하다'는 의미를 넘어, 에너지를 모두 소진하여 몸을 가누기 힘들 정도로 지친 상태를 나타낸다. 소설의 문맥에 따라 '녹초가 되었다', '기진맥진했다', '진이 다 빠졌다' 등 인물의 상태를 묘사하는 자연스러운 서술어로 의역해야 한다.",周囲に違和感を抱かせないまま２人きりの時間を確保するのにかなりの時間を要し、計画が実現できるとわかった段階ですでにヘトヘト。そして、実際にそれを決行した今日は緊張から帝都駅の段階で更にヘトヘトだった。,계획이 실현될 수 있다는 것을 알게 된 단계에서 이미 헤토헤토였다.,계획이 실현될 수 있다는 것을 알게 된 단계에서 이미 녹초가 되어 있었다.
フラフラ,"비틀비틀, 휘청휘청, 정신이 혼미한",의성어,"신체적 피로로 인해 중심을 잡지 못하고 몸이 흔들리는 상태나, 정신이 몽롱하여 제정신이 아닌 상태를 나타낸다. 소설의 문맥상 피로가 극에 달해 몸을 가누지 못하는 상황이므로, '비틀거리는', '휘청거리는' 혹은 '정신이 혼미한' 등의 표현을 사용하여 인물의 상태를 자연스럽게 묘사해야 한다. 단순히 '후라후라'와 같은 음절을 직역하지 않도록 주의한다.",昨日は夜まで仕事だったと告げているので、「疲れた」と口にする私に対して浩太は心配することはあっても疑うことはなかった。もちろん、騙していることに罪悪感はあったが、それ以上に全身に蓄積した疲労からフラフラの状態だった。,전신에 축적된 피로 때문에 후라후라한 상태였다.,전신에 쌓인 피로 때문에 정신이 혼미할 정도로 몸이 비틀거렸다.
クスクス,"킥킥, 큭큭",의성어,"입을 가리고 작게 웃는 소리나 남이 모르게 웃는 모양을 나타낸다. 소설의 문맥에 따라 '킥킥거리며', '큭큭 웃으며' 혹은 '킥킥'과 같이 상황에 맞는 자연스러운 웃음소리로 의역해야 한다. 단순히 '쿠스쿠스'라고 음차하는 것은 피해야 한다.",クスクスと笑いながら、私はいつもの調子で冗談交じりで握った拳を突き出した。,"쿠스쿠스 웃으면서, 나는 평소처럼 농담을 섞어 쥔 주먹을 내밀었다.","킥킥거리며 웃는, 나는 평소처럼 농담을 섞어 쥔 주먹을 내밀었다."
ブラブラ,"출렁출렁, 흔들흔들",의성어,"신체 부위의 움직임을 나타내는 표현으로, 문맥상 가슴의 무게감과 움직임을 묘사하므로 '출렁출렁'이나 '흔들흔들'과 같이 움직임의 양상을 나타내는 부사로 의역하는 것이 자연스럽다. 단순히 '흔들거린다'라고 하기보다 소설적 허용을 더해 움직임의 느낌을 살려야 한다.",「垂れパイがブラブラ揺れるから？」,「처진 가슴이 브라브라 흔들리니까?」,「처진 가슴이 출렁출렁 흔들려서 그래?」
ジロジロ,"빤히, 뚫어지게, 훑어보는",의성어,"상대방을 무례하거나 부담스러울 정도로 계속해서 바라보는 모양을 나타낸다. 소설 문맥에서는 단순히 '빤히'라고 하기보다, 시선의 불쾌함이나 집요함을 살려 '뚫어지게 쳐다보다', '훑어보다', '훑어내리다' 등으로 의역하는 것이 자연스럽다. '지로지로'와 같은 기계적 직역은 피해야 한다.",「けど、他の女子よりも発育が良かったから苦労したわ。男子は変な目でジロジロ見るし、女子は女子で嫉妬深いし」,"남자애들은 이상한 눈으로 지로지로 쳐다봤고,","남자애들은 이상한 눈으로 빤히 쳐다봤고, 혹은 남자애들은 이상한 눈으로 나를 훑어봤고,"
ビックリ,"깜짝 놀라다, 기겁하다, 자지러지다",의성어,"단순히 '놀라다'라고 번역하기보다, 문맥상 주인공의 차림새를 보고 마트 사람들이 보일 당혹감이나 충격을 강조하기 위해 '깜짝 놀라다', '기겁하다' 등으로 상황에 맞춰 의역하는 것이 소설적 흐름에 자연스럽다.",「ワンピースは……う～ん……いきなりこんな格好で行くとスーパーの人、きっとビックリするわよね……噂好きな人もいるし、変に勘ぐられたくないし……――あっ、もうこんな時間！？」,원피스를 입고 가면 슈퍼 사람들이 분명히 빅쿠리할 거야.,원피스를 입고 갑자기 이런 차림으로 가면 마트 사람들이 분명 깜짝 놀랄 거야.
ヌルヌル,"미끌미끌, 매끄러운, 미끈거리는",의성어,"액체나 점액질로 인해 표면이 매끄러운 상태를 나타낸다. 소설의 문맥에 따라 단순히 질감을 묘사하는 '미끌미끌'이나, 촉감을 강조하는 '미끈거리는' 등으로 의역하여 문장의 흐름을 자연스럽게 만들어야 한다. 상황에 따라 '미끈미끈' 혹은 '미끌거리는' 등으로 변주할 수 있다.",「す、すごく気持ち良いです！　温かくて、ヌルヌルしていて、包まれるようで……」,"따뜻하고, 누루누루해서, 감싸지는 것 같아요……","“하, 정말 기분 좋아요! 따뜻하고, 미끈거려서, 마치 감싸이는 것 같아……”"
ガッカリ,"실망하다, 낙담하다, 김이 빠지다",의성어,"상대방의 기대에 미치지 못해 기운이 꺾이거나 실망하는 심리 상태를 나타낸다. 소설 문맥에서는 단순히 '실망하다'라고 하기보다, 화자의 불안한 심리를 반영하여 '실망하면 어쩌나', '낙담할까 봐'와 같이 문장 흐름에 맞춰 자연스럽게 의역하는 것이 좋다.",「私って満里奈さんみたいにグラマラスじゃないから、浩太くんガッカリするかなぁって少し不安だったから」,코타 군이 가라카리할까 봐 조금 불안했어.,코타 군이 실망하면 어쩌나 싶어서 조금 불안했거든.
クチャクチャ,"쩝쩝, 쩝적쩝적",의성어,"입안에서 무언가를 씹거나 섞을 때 나는 젖은 마찰음을 나타낸다. 본 문맥에서는 치태(恥垢)를 씹는 행위의 불쾌함과 무례함을 강조하기 위해, 소설적 허용을 더해 '쩝쩝' 혹은 '쩝적쩝적'과 같이 소리의 질감이 느껴지도록 의역하는 것이 자연스럽다. 단순히 소리만 옮기기보다 문장의 흐름에 맞춰 '쩝쩝거리며' 혹은 '쩝적거리는' 등의 형태로 변주해야 한다.",そして、いつしかクチャクチャと、まるで行儀悪くガムでも噛むかのように恥垢の咀嚼を始めていた。,"그리고 어느덧 쿠챠쿠챠하며, 마치 예의 없이 껌이라도 씹는 것처럼 치태의 저작을 시작하고 있었다.","그리고 어느덧 쩝쩝거리며, 마치 예의 없이 껌이라도 씹는 것처럼 치태를 씹어대기 시작했다."
ツルツル,"매끈매끈한, 매끄러운",의성어,"피부나 표면이 거칠지 않고 부드럽게 빛나는 상태를 나타낸다. 문맥상 성기 주변에 체모가 없어 피부가 아주 깨끗하고 부드러운 상태를 묘사하므로, 소설적 허용을 더해 '매끈매끈한' 혹은 '매끄러운'으로 번역하여 시각적·촉각적 이미지를 살려야 한다. 단순히 '미끄러운'이라고 하면 윤활제 등으로 인한 미끄러움과 혼동될 수 있으니 주의한다.",可愛らしい見た目通り、浩太くんのペニスは皮を被ったとても愛くるしい姿でした。興奮したことで血流を受けて勃起していましたが、成人男性のソレと比べるとまだまだ小さく、毛も生えていないツルツルの男性器はまるで別物のようにさえ思えました。,털도 나지 않은 츠루츠루한 남성기는 마치 별개의 물건처럼 느껴졌다.,털도 나지 않은 매끈매끈한 남성기는 마치 별개의 물건처럼 느껴지기까지 했다.
モジモジ,"머뭇머뭇, 주뼛주뼛, 안절부절",의성어,"상대방의 눈치를 보거나 쑥스러워하며 행동을 망설이는 모양을 나타낸다. 소설의 문맥상 코타가 주인공의 침실을 둘러보며 느끼는 민망함이나 어색함을 표현해야 하므로, 단순히 '망설이다'라는 동사형보다는 '머뭇거리며', '주뼛거리며'와 같이 동작의 느낌을 살린 부사적 표현으로 의역하는 것이 자연스럽다.",浩太くんはモジモジしながら私の寝室を見回している。急なことだったのであまり掃除はしていないが、元々、あまり物を多く置く方ではないし、日頃からそれなりに掃除はしているので見られて恥ずかしいほど散らかっている訳ではないと自分では思っている。,코타 군은 모지모지하면서 내 침실을 둘러보고 있다.,코타 군은 머뭇거리며 내 침실을 둘러보고 있다.
ゴツゴツ,"울퉁불퉁한, 투박한",의성어,"신체 부위나 질감이 매끄럽지 않고 뼈나 근육이 도드라져 거친 느낌을 줄 때 사용한다. 문맥상 성인 남성의 단단하고 거친 골격을 묘사하므로, '울퉁불퉁한' 혹은 '투박한'으로 번역하여 부드러운 피부와 대비를 이루게 하는 것이 자연스럽다. 단순히 형태만 말하는 것이 아니라 질감의 거칠음을 포함하여 의역해야 한다.",第二次性徴前の身体は成人男性特有のゴツゴツした感じはなく、きめ細やかな肌艶は女性を彷彿とさせる。それが若さの特権だと言ってしまえばそうなのだろうが、正直、私よりも肌が綺麗だった。,"성인 남성 특유의 고츠고츠한 느낌은 없고,","성인 남성 특유의 울퉁불퉁하고 거친 느낌은 없으며,"
ゾワゾワ,"오싹오싹, 소름이 쫙, 전율이 일며",의성어,"단순히 추위로 인한 떨림뿐만 아니라, 성적인 쾌감이나 긴장감으로 인해 등줄기를 타고 흐르는 감각을 묘사한다. 문맥상 쾌락의 전조 증상으로서 몸이 떨리는 느낌을 전달해야 하므로, '소름이 돋다' 혹은 '전율이 일다'와 같이 문장 흐름에 맞춰 자연스럽게 의역하는 것이 중요하다. '조와조와'와 같은 직역은 피해야 한다.",ゾワゾワという寒気のような感覚が背中を走る。この感覚が絶頂の前駆症状だということを私は彼と触れ合うことで知った。何故なら、彼と出会うまで私は真の意味で絶頂という衝撃を体験したことがなかった。夫で感じたあの感覚は偽りで、夫とのアレは絶頂ではなかったことを思い知った。,조와조와하는 한기 같은 감각이 등을 달린다.,등줄기를 타고 오싹한 한기 같은 감각이 스쳐 지나갔다.
ビショビショ,"흠뻑, 축축, 흠뻑 젖은",의성어,"액체에 의해 완전히 젖은 상태를 나타낸다. 소설의 문맥에 따라 '흠뻑 젖었다', '축축하게 젖었다' 혹은 상태를 강조하는 '물에 빠진 듯한' 등으로 의역해야 자연스럽다. 단순히 '비쇼비쇼'라고 음차하거나 '축축하다'로만 고정하기보다, 문장의 어조(감탄사 '아하하!' 등)에 맞춰 생동감 있게 표현해야 한다.",「あはは！　すげぇビショビショ！」,「아하하! 엄청 비쇼비쇼해!」,「아하하! 엄청 흠뻑 젖었잖아!」
ベットリ,"축축하게, 흠뻑, 질척하게",의성어,"액체에 의해 무언가가 완전히 젖어 달라붙거나 엉겨 붙은 상태를 나타낸다. 소설적 문맥에서는 단순히 '젖어 있다'는 표현보다 액체의 점도나 양감을 살려 '축축하게 젖어', '흠뻑 젖어', 혹은 상황의 농밀함을 강조할 때는 '질척하게 젖어' 등으로 의역하는 것이 자연스럽다. '베토리'라는 발음을 그대로 옮기거나 '끈적하게'로만 한정 짓지 말고, 문장의 흐름에 따라 젖은 정도를 묘사하는 부사로 활용해야 한다.",その言葉が示すように、私の内腿や彼の腕は私の秘部から噴き出した愛液によってベットリと濡れており、床には水溜まりが出来そうなほどの勢いだった。,내 허벅지와 그의 팔은 애액에 의해 베토리 젖어 있었다.,"그의 말대로 내 허벅지와 그의 팔은 쏟아져 나온 애액으로 축축하게 젖어 있었고, 바닥에는 물웅덩이가 생길 정도로 기세가 대단했다."
グチュグチュ,"질척질척, 찌적찌적, 쥬르륵",의성어,"액체가 섞인 마찰음이나 젖은 상태에서 나는 소리를 나타낸다. 소설의 문맥에 따라 '질척질척'과 같이 상태를 묘사하거나, '찌적찌적'처럼 소리 자체를 강조하는 의성어로 의역해야 한다. 원문의 느낌을 살리되 한국어 소설에서 사용하는 자연스러운 표현을 선택해야 한다.",――グチュ❤　グチュグチュグチュ❤　グジョジョジョジョ❤,그녀의 몸에서 구츄구츄 소리가 났다.,그녀의 몸에서 질척질척거리는 소리가 들려왔다.
ジョジョ,"질퍽, 찌적, 쥬르륵",의성어,"액체가 쏟아지거나 섞이는 소리를 나타내는 의성어로, 문맥에 따라 액체가 튀는 소리인 '질퍽'이나 쏟아져 나오는 소리인 '쥬르륵' 등으로 의역해야 한다. 단순히 소리를 나열하기보다 상황의 농도나 액체의 양에 맞춰 '질퍽질퍽', '찌적찌적'처럼 소설적 허용을 담아 자연스럽게 표현하는 것이 중요하다.",――グチュ❤　グチュグチュグチュ❤　グジョジョジョジョ❤,――구츄❤ 구츄구츄구츄❤ 조조조조❤,――질퍽❤ 질퍽질퍽질퍽❤ 쥬르르륵❤
ダラダラ,줄줄,의성어,"액체가 멈추지 않고 계속해서 흘러나오는 모양을 나타낸다. 문맥상 침이 끊임없이 흐르는 비참한 상황이므로, '줄줄' 또는 '주르륵'과 같이 흐름의 연속성을 나타내는 부사를 사용하여 소설적 허용을 가미해 자연스럽게 번역해야 한다. 단순히 '다라다라'라고 음차하거나 '게으르게'와 같은 사전적 의미로만 한정 짓지 않도록 주의한다.",まるでお預けをくらっていた犬のようにダラダラと涎を垂れ流している自分を惨めにも思えたが、今はそんなことはどうでも良かった。,"마치 기다림을 당하는 개처럼 다라다라 침을 흘리고 있는 자신을 비참하게 생각했지만, 지금은 그런 것은 아무래도 좋았다.","마치 기다림을 당하는 개처럼 줄줄 침을 흘리고 있는 자신의 모습이 비참하게 느껴졌지만, 지금은 그런 건 아무래도 좋았다."
ニタニタ,"히죽히죽, 싱글벙글, 음흉하게",의성어,"상대방을 놀리거나 속내를 다 알면서도 모르는 척할 때, 혹은 기분 나쁘게 웃을 때 사용하는 의태어다. 소설의 문맥에 따라 '히죽히죽'과 같이 비웃는 느낌을 주거나, 상황이 음흉하다면 '음흉하게 웃으며' 등으로 의역하여 인물의 태도를 자연스럽게 묘사해야 한다. '니타니타'를 그대로 음차하는 것은 피해야 한다.",ニタニタと笑いながら彼は聞く。おそらく、彼の事なので私の言わんとしていることがわかっていることだろう。しかし、それをあくまで私の口から言って退けるように彼は誘導する。,니타니타 웃으면서 그는 묻는다.,히죽히죽 웃음을 흘리며 그는 묻는다.
コリコリ,딱딱하게,의성어,"신체 부위가 자극을 받아 단단해진 상태를 나타낸다. 문맥상 유두가 자극을 받아 꼿꼿하게 선 상태를 묘사하므로, '딱딱하게' 혹은 '단단하게'로 의역하여 감각적인 느낌을 살려야 한다. '코리코리'라는 발음을 그대로 옮기거나 '오독오독' 같은 식감 표현으로 직역하는 것을 피해야 한다.",「うおっ！　乳首立ってコリコリじゃん！」,「우와! 유두가 서서 코리코리하잖아!」,「우와! 유두가 서서 딱딱해졌잖아!」
ピリピリ,"찌릿찌릿, 찌릿하게",의성어,"전기적 자극이나 통증, 혹은 감각이 예민하게 곤두선 상태를 나타낸다. 소설적 문맥에서는 감각의 날카로움을 살려 '찌릿찌릿하게 저려오다' 혹은 '찌릿한 감각이 일다'와 같이 상황에 맞춰 자연스럽게 의역해야 한다. 단순히 '피리피리'라고 음차하거나 '따끔따끔'처럼 통증에만 국한하지 않도록 주의한다.",熱のこもった吐息を漏らしながら、私は彼から胸へと与えられる快感を受け入れる。彼の捏ね回すように指の動きによって私の乳首はピリピリと痺れ、感覚は少し鈍麻になりながらも快感だけは確かにそこに蓄積していた。,그의 손가락 움직임에 내 유두는 피리피리하게 저렸다.,"그가 주무르듯 움직이는 손가락 끝에 내 유두는 찌릿찌릿하게 저려왔고,"
ブルブル,"출렁출렁, 출렁이며, 흔들흔들",의성어,"부드러운 질감의 신체 부위가 크게 흔들리는 모양을 나타낸다. 문맥상 유방의 탄력과 움직임을 묘사하므로, 단순히 떨리는 느낌보다는 무게감 있게 흔들리는 '출렁출렁'이나 움직임 자체를 강조하는 '흔들흔들'로 의역하여 관능적인 분위기를 살려야 한다. '부르부르'와 같은 직역은 피한다.",そう言うと、彼はスライムと表現する私の乳房をブルブルと掴んだまま揺すり始めます。ただ強く揉むだけではなく、こうやって緩急をつけた揉み方というのは天性の感覚らしく、いつだって私の興奮を増幅させます。,그는 슬라임이라고 표현하는 나의 유방을 부르부르 잡은 채 흔들기 시작합니다.,"그렇게 말하며, 그는 슬라임 같다고 말한 내 가슴을 출렁출렁 흔들기 시작했다. 단순히 강하게 주무르는 것이 아니라, 이렇게 완급을 조절하며 주무르는 방식은 타고난 감각인 듯 언제나 나의 흥분을 고조시켰다."
マジマジ,"빤히, 뚫어지게",의성어,"상대방이 시선을 피하지 않고 정면으로 응시하는 모양을 나타낸다. 소설적 문맥에서는 '빤히 쳐다보다', '뚫어지게 바라보다'와 같이 동사와 결합하여 자연스럽게 의역해야 한다. 단순히 '빤히'라고만 하기보다 문장의 흐름에 따라 '빤히 바라보는 것' 등으로 풀어쓰는 것이 좋다.",無言でマジマジと見られるのも恥ずかしいが、こういった冷やかし混じりの演出というのも恥ずかしさがある。,"무언으로 마지마지 쳐다보는 것도 부끄럽지만,","말없이 빤히 쳐다보는 것도 부끄럽지만, 이런 놀림조가 섞인 연출 또한 부끄러움이 느껴진다."
キラキラ,반짝반짝,의성어,"눈동자의 빛을 묘사할 때는 '반짝이는', '초롱초롱한' 등으로 의역하여 문장의 문학적 분위기를 살려야 한다. 단순히 빛의 상태만을 나타내는 '반짝반짝'을 넘어, 인물의 생기나 호기심 어린 눈빛을 강조하는 형용사적 표현으로 자연스럽게 녹여내는 것이 중요하다.",くすんだ下心とは対照的なキラキラとした好奇心旺盛な瞳を浮かべながら彼は私の顔を見上げています。何とも楽しそうで、その顔は期待に満ち溢れていました。,그는 반짝반짝한 호기심 왕성한 눈동자를 띄우며 내 얼굴을 올려다보고 있습니다.,"그는 탁한 속마음과는 대조적으로 초롱초롱하게 빛나는, 호기심 가득한 눈동자로 나를 올려다보고 있었다."
ドバドバ,"울컥울컥, 왈칵왈칵, 콸콸",의성어,"액체가 한꺼번에 많이 쏟아져 나오는 모양을 나타낸다. 소설적 문맥에서는 단순히 양이 많음을 넘어, 억제되지 않고 터져 나오는 관능적인 느낌을 살려 '울컥울컥'이나 '왈칵왈칵' 등으로 의역하는 것이 자연스럽다. 상황에 따라 '울컥 쏟아져 나왔다'와 같이 동사와 결합하여 표현하는 것이 좋다.",挿入された細い指は私の膣内で小さくその関節を折り曲げ、膣肉を抉るようにして刺激を加えます。何ともこなれた手さばきで、まるで膣肉を引きずり出されるのではないかと錯覚しそうになるほどの刺激を受け、私の膣からはドバドバと愛液が分泌されて内部を湿らせていました。,나의 질에서는 도바도바하고 애액이 분비되어 내부를 적시고 있었습니다.,나의 질에서는 애액이 울컥울컥 쏟아져 나와 내부를 축축하게 적시고 있었다.
パチパチ,"치익치익, 탁탁",의성어,"기름에 튀김이 튀겨질 때 나는 소리를 나타낸다. 문맥상 요리하는 소리를 묘사하고 있으므로, 한국어 소설의 문체에 맞춰 '치익치익'이나 '탁탁'과 같이 기름이 튀는 생생한 의성어로 의역하는 것이 자연스럽다. 단순히 '파치파치'라고 음차하는 것은 피해야 한다.",股間から漏れ出る水音は徐々にその大きさを増していき、パチパチという唐揚げの揚がる音との間で鮮やかな協奏曲を奏でています。,"가랑이 사이에서 새어 나오는 물소리는 점점 커지더니, 파치파치하고 가라아게가 튀겨지는 소리와 함께 선명한 협주곡을 연주하고 있습니다.","가랑이 사이에서 새어 나오는 물소리는 점점 커져만 갔고, 치익치익 가라아게가 튀겨지는 소리와 어우러져 마치 선명한 협주곡을 연주하는 듯했다."
キンキン,"얼음처럼 차가운, 아주 시원한",의성어,"음료나 얼음 등이 매우 차가운 상태를 나타내는 의태어다. 소설 문맥에서는 단순히 '차갑다'라고 하기보다, 음료의 청량감이나 차가운 온도가 강조되도록 '얼음처럼 차가운', '아주 시원한', '꽁꽁 얼 듯한' 등으로 상황에 맞춰 의역하는 것이 자연스럽다. '킨킨'이라는 음차를 그대로 사용하는 것은 피해야 한다.",その音は、アニメに夢中になっている息子が事前にテーブルの上に置いていたキンキンに冷えたオレンジジュースの入ったコップを置く音でした。,아들이 킨킨하게 차가운 오렌지 주스를 놓았다.,"그 소리는 애니메이션에 열중하던 아들이 미리 테이블 위에 올려두었던, 얼음처럼 차갑게 식은 오렌지 주스 컵을 내려놓는 소리였다."
ドキドキ,두근두근,의성어,"심장 박동 소리를 나타내는 의성어로, 긴장감이나 설렘을 표현할 때 사용한다. 문맥에 따라 '두근거리는', '두근대며' 등으로 변형하여 문장의 흐름을 자연스럽게 조절해야 한다. 단순히 소리만을 묘사하기보다 심장의 울림이나 긴박한 상태를 나타내는 서술적 표현으로 의역하는 것이 소설적 완성도를 높인다.",ドキドキと鳴る心臓の鼓動はうるさいほどに私の身体の中に響き、全身に慌ただしく血液を送っています。キッチンで火は使っていますが部屋の中は冷房を利かせているのでそんなに暑くないはずなのに、緊張から精神性発汗を示す私の身体からは汗が噴き出していました。,"두근두근하고 울리는 심장의 고동은 시끄울 정도로 내 몸 안에 울리고,","두근거리는 심장 박동 소리가 시끄러울 정도로 내 몸속에 울려 퍼지며,"
グリグリ,짓누르듯,의성어,"단단한 것이 무언가를 강하게 압박하거나 비비며 파고드는 모양을 나타낸다. 문맥상 성기 끝이 자궁 입구를 강하게 압박하며 움직이는 상황이므로, 단순히 '빙글빙글'이나 '그리그리' 같은 의태어 직역보다는 '짓누르듯', '꾹꾹', '비비며'와 같이 동작의 압박감이 느껴지는 표현으로 의역하는 것이 소설적 문체에 적합하다.",そうすることで、亀頭の先端がグリグリと子宮の入口に押し当たって激しいディープキスを繰り返す。,"그렇게 함으로써, 귀두의 선단이 그리그리 하고 자궁 입구에 밀려난다.","그렇게 함으로써, 귀두 끝이 자궁 입구를 짓누르듯 강하게 압박하며 격렬한 딥키스를 반복한다."
ゲラゲラ,"껄껄, 낄낄",의성어,"상대방이 예의 없이 혹은 천박하게 크게 웃는 모양을 나타낸다. 문맥상 '하품(下品)'하게 웃는 상황이므로, 단순히 웃는 소리가 아니라 비웃거나 천박하게 웃어대는 느낌을 살려 '껄껄' 혹은 '낄낄'로 의역하는 것이 자연스럽다. 상황에 따라 '낄낄거리며'와 같이 동사형으로 풀어쓰는 것도 좋다.",ゲラゲラと下品に笑いつつ、彼は眼前に揺れ動く私の垂れ下がった乳房に目を向けていた。,"게라게라하고 저질스럽게 웃으면서, 그는 눈앞에서 흔들리는 나의 처진 유방에 눈을 돌렸다.","낄낄거리며 천박하게 웃어대면서도, 그의 시선은 눈앞에서 출렁이는 내 처진 가슴을 향해 있었다."
ペチペチ,"찰싹찰싹, 철썩철썩, 찰팍찰팍",의성어,"피부와 피부가 맞닿아 가볍게 부딪히는 소리를 나타낸다. 문맥상 가슴이 움직이며 피부에 부딪히는 리드미컬한 소리이므로, 소설의 분위기에 따라 '찰싹찰싹' 혹은 조금 더 젖은 느낌을 주려면 '찰팍찰팍' 등으로 의역하여 문장의 호흡을 살려야 한다. '페치페치'와 같은 기계적 음차는 피해야 한다.",そんな私の垂れ下がった乳房は腰の動きに合わせて縦横無尽に空中を跳ねまわる。ペチペチと、浮き上がった乳房が反対の乳房や肌に押し当たってリズミカルは音を奏でる。,"페치페치하고, 떠오른 유방이 반대편 유방이나 피부에 부딪히며 리드미컬한 소리를 연주한다.","찰싹찰싹, 들썩이는 가슴이 반대쪽 가슴이나 피부에 부딪히며 리드미컬한 소리를 만들어냈다."
ゴソゴソ,"부스럭부스럭, 뒤척이며",의성어,"무언가 물체가 쓸리거나 움직이는 소리를 나타낸다. 문맥상 옆구리에 이물질이 닿아 느껴지는 불쾌하거나 생소한 움직임을 묘사하므로, 단순히 소리만을 전달하기보다 '부스럭거리는 무언가가 닿는 느낌' 혹은 '무언가 꿈틀대며 움직이는 듯한 느낌'으로 상황에 맞춰 의역해야 한다. 문장에 따라 '부스럭부스럭', '뒤척이며', '스르륵' 등으로 변주할 수 있다.",それから何時間経っていたのでしょうか、私はふと脇腹あたりになにやらゴソゴソと異物が当たるのに気がついて目が覚めたのです。,옆구리에 무언가 고소고소가 닿는 것을 느끼고 눈을 떴다.,옆구리 근처에서 무언가 부스럭거리며 닿는 느낌이 들어 문득 눈이 떠졌다.
ポッカリ,"뻥하니, 휑하니, 뻥 뚫린 듯",의성어,"구멍이나 빈 공간이 크게 벌어져 있는 모양을 나타낸다. 소설적 문맥에서는 단순히 구멍이 있다는 사실을 넘어, 무언가에 의해 강제로 혹은 허탈하게 벌어진 상태의 시각적 이미지를 강조해야 한다. '포카리'와 같은 일본어 발음을 그대로 옮기지 말고, 상황의 관능미나 시각적 충격을 살려 '뻥하니 벌어진', '휑하게 열린' 등의 표현으로 의역하는 것이 자연스럽다.",Ｍ字の状態になっている脚の真ん中に見える膣は、巨大なものを飲み込んだ後だけに、ポッカリ開いた状態になっていました。そして、溢れてしまうぐらいの白い液体が見えました。,M자 상태인 다리 사이의 질은 포카리 열려 있었습니다.,"M자 형태로 벌어진 다리 사이로 보이는 질은, 거대한 것을 집어삼킨 직후인 듯 뻥하니 입을 벌리고 있었습니다."
ノリノリ,"신이 나서, 흥이 올라서, 아주 신이 난",의성어,"상태나 기분이 매우 고조되어 즐겁게 몰입해 있는 모습을 나타낸다. 문맥에 따라 '신이 나서' 혹은 '흥이 올라서' 등으로 번역하며, 인물의 감정 상태가 매우 고양되었음을 소설적 흐름에 맞춰 자연스럽게 표현해야 한다. 단순히 '노리노리하다'와 같은 외래어식 표현은 피한다.",家内もいつになくノリノリでした。仕事も何もかも忘れて、楽しいひと時が流れていきました。,아내도 평소와 달리 노리노리했습니다.,아내도 평소와 달리 무척 신이 나 있었습니다.
ポタポタ,뚝뚝,의성어,"액체가 끊임없이 떨어지는 모양을 나타낸다. 소설적 문맥에서는 눈물이 계속해서 떨어지는 비극적인 상황을 강조하기 위해 '뚝뚝', '툭툭' 등으로 번역하며, 문장의 흐름에 따라 '뚝뚝 떨어지고 있었다'와 같이 자연스럽게 서술형으로 풀어내는 것이 좋다.",膝の上においた家内の手は涙でベットリと濡れ、なおもポタポタと涙がとめどもなく落ちていたのです。家内はしばらく黙っていましたが、小さい声で話し始めました。,눈물이 포타포타하고 멈추지 않고 떨어지고 있었습니다.,"눈물은 여전히 뚝뚝, 끝도 없이 떨어지고 있었습니다."
ウトウト,"꾸벅꾸벅, 깜빡깜빡",의성어,"잠이 들어 눈꺼풀이 무거워지거나 의식이 흐릿해지는 상태를 나타낸다. 문맥에 따라 '꾸벅꾸벅 졸다', '깜빡 잠이 들다' 등으로 자연스럽게 의역해야 하며, 단순히 '졸다'라고 하기보다 인물의 상태를 묘사하는 부사적 표현을 활용하는 것이 소설적이다.",「あっ、ごめんなさい……少しウトウトしていたの…」,"앗, 미안해요…… 조금 우토우토 하고 있었어요……","“앗, 미안해요…… 잠깐 꾸벅꾸벅 졸고 있었나 봐요……”"
スースー,쌔근쌔근,의성어,"잠든 사람의 고른 숨소리를 나타내는 의성어이다. 문맥상 아내가 안정을 찾고 잠든 평화롭고 나른한 분위기를 살려야 하므로, 한국어 소설 표현에서 가장 자연스러운 '쌔근쌔근' 혹은 '새근새근'으로 의역하는 것이 좋다. 단순히 소리 자체를 묘사하기보다 숨소리의 상태를 나타내는 부사적 표현으로 처리해야 한다.",久し振りのセックス……私も家内もしばらく放心状態のようになり、布団の上に仰向けになって黙って天井を見ていました。肩で大きく息をしていた家内も落ち着いて寝てしまったのか、スースーと寝息を立てているようでした。,"집사람도 진정되어 자버린 건지, 스ースー하고 숨소리를 내고 있는 것 같았습니다.","집사람도 진정되어 잠든 건지, 쌔근쌔근 숨을 쉬며 자고 있는 듯했습니다."
ガンガン,"퍽퍽, 세차게, 거칠게",의성어,"본래 무언가를 강하게 두드리는 소리나 기세가 매우 강함을 나타내는 부사이다. 소설적 문맥에서는 성적인 행위의 격렬함과 타격감을 전달해야 하므로, 단순히 소리를 묘사하기보다 동작의 강도를 나타내는 '퍽퍽' 혹은 '거칠게'와 같은 표현을 사용하여 리듬감 있게 의역하는 것이 자연스럽다.",家内は私の強烈なピストンに喘ぎまくりました。しかし…私の中には何の満足感も達成感もありません。こんなもんじゃだめだ…もっともっと……健太君にできないことを…私は家内の膣の中に深々と挿入したまま、身体を裏返しにすると、バックからガンガン突きはじめました。,뒤에서부터 건건하고 찌르기 시작했습니다.,"뒤에서부터 퍽퍽, 거칠게 몰아붙이기 시작했습니다."
メラメラ,"활활, 이글이글",의성어,"불길이 세차게 타오르는 모양을 나타낸다. 문맥상 주인공의 내면에서 일어나는 뜨거운 열망이나 감정이 폭발하듯 타오르는 상황이므로, 단순히 불이 붙는 느낌보다는 감정의 격동을 표현할 수 있는 '활활' 또는 '이글이글'로 의역하는 것이 소설적 허용으로서 자연스럽다.",あのＤＶＤの映像がちらつき、私の身体の底から炎が点火すると、一瞬にしてメラメラと燃えあがりました。,순식간에 메라메라하고 타올랐습니다.,순식간에 활활 타올랐습니다.
バカバカ,"어처구니없는, 터무니없는, 바보 같은",의성어,"문맥에 따라 '어처구니없다', '기가 막히다', '바보 같다' 등으로 의역할 수 있다. 단순히 지능이 낮다는 의미보다는 상황이나 상대의 말이 너무 황당해서 대꾸할 가치조차 느끼지 못하는 심리 상태를 나타낸다. 소설적 흐름에 맞춰 '말도 안 되는', '황당한' 등의 표현을 사용하여 자연스럽게 문장을 구성해야 한다.",私は聞くのもバカバカしい感じで言いました。,나는 듣는 것도 바카바카한 느낌으로 말했습니다.,나는 묻는 것조차 어처구니없다는 듯이 말했습니다.
トボトボ,"터덜터덜, 힘없이",의성어,"기운이 없거나 낙담하여 발걸음이 무거운 모양을 나타낸다. 소설의 문맥상 화자가 의심과 불안감으로 인해 심리적으로 위축된 상태이므로, 단순히 걷는 모양을 묘사하기보다 '터덜터덜'과 같이 힘없는 발걸음을 강조하거나 '힘없이'와 같이 심리 상태를 반영하여 의역하는 것이 자연스럽다.",今頃あの二人はどうしているんだろうか…恋人同士のように二人だけの時間を楽しみ、抱き合って身体を貪りあっているのか…健太君は昨日は休みを取っていたらしいが、今日は急に休ませて欲しいと連絡してきたと店長は言っていた…これは一体どういうことなのか…旅行というのは日帰りだったのか、それともまったくの嘘なのか…それなら家内は昨日どこで泊まったんだ…まさか二人で駆け落ちしたんじゃないのか……私はトボトボと歩きながらあれこれと考えていました。考えれば考えるほど頭の中が混乱し、悪い想像ばかりしてしまっていたのです。,나는 토보토보 걸으면서 이런저런 생각을 하고 있었습니다.,나는 터덜터덜 걸으며 이런저런 생각을 하고 있었습니다.
ワイワイ,왁자지껄,의성어,"사람들이 모여 즐겁게 떠들거나 북적거리는 소리를 나타낸다. 소설적 문맥에서는 단순히 소리가 난다는 의미를 넘어, 아들과 함께 활기차게 시간을 보내며 분위기를 띄우는 상황이므로 '왁자지껄하게', '떠들썩하게' 등으로 의역하여 문장의 흐름을 자연스럽게 만드는 것이 좋다.",私は何も答えずに、家内のことなどまったく気にしていない素振りで家を出ました。しかし、私の心の中は仕事どころではありませんでした。あいつら、一体どこへ行くつもりなんだ、２日間も一緒に過ごして何回抱き合うつもりなんだ…今まで健太君と家内の行動はすべてわかっていたのに、今日ばかりはまったくわかりません。自分だけ除け者にされた疎外感が強くありました。夜は息子と男二人でワイワイ言いながら食事を作ったりして、それなりには気も紛れたのですが、一人になってしまうともう耐えられませんでした。,밤에는 아들과 남자 둘이서 와이와이 말하며 식사를 만들기도 해서...,밤에는 아들과 남자 둘이서 왁자지껄 떠들며 음식을 만들기도 하며 나름대로 기분 전환을 해보았지만...
パクパク,뻐끔뻐끔,의성어,"입을 벌린 채 아무 말도 하지 못하고 움직이는 모양을 나타낸다. 문맥상 충격적인 고백을 듣고 정신을 못 차리는 상황이므로, 단순히 입을 움직인다는 의미를 넘어 '입만 뻐끔거렸다' 혹은 '입을 뻐끔거릴 뿐이었다'와 같이 서술하여 당혹감을 극대화하는 것이 자연스럽다.",五年ぶりに会った親友の口から突然飛び出した衝撃の告白に、友樹は酸欠の魚みたいな顔で口をパクパクと動かす。,유키는 산소 부족인 물고기 같은 얼굴로 입을 파쿠파쿠 움직인다.,"5년 만에 만난 절친의 입에서 갑자기 튀어나온 충격적인 고백에, 유키는 산소 부족 상태인 물고기처럼 얼굴이 창백해진 채 입만 뻐끔거렸다."
ハッキリ,"또렷하게, 분명하게",의성어,"목소리의 상태나 태도가 흐릿하지 않고 명확함을 나타낸다. 소설적 문맥에서는 단순히 '명확히'라고 하기보다, 목소리의 울림이나 전달력을 강조하여 '또렷하게' 혹은 '분명한 목소리로'와 같이 인물의 태도가 드러나도록 의역하는 것이 자연스럽다.",ハッキリと通る声で、矢那は言い終えると、頭を上げ、さあ、どうぞ、と奥の席２人を誘導した。,"하ッキリ한 목소리로, 야나는 말을 끝내고...","또렷한 목소리로 말을 마친 야나는, 고개를 들며 ""자, 이쪽으로 오세요""라며 안쪽 자리에 있는 두 사람을 안내했다."
バレバレ,"뻔히, 다 티 나게, 속이 훤히",의성어,"상황이 숨겨지지 않고 상대방에게 너무나 명백하게 드러났음을 의미한다. 소설적 문맥에서는 '다 들통났다'는 느낌을 살려 '뻔히 보였다', '다 티가 났다'와 같이 문장 흐름에 맞춰 자연스럽게 의역해야 한다. 단순히 '바레바레였다'라고 직역하는 것은 피해야 한다.",――うん、バレバレだった。私がこんな大変なのにこいつはって思ったよ。でも、落ち着いてくるとね、密着してたら男の人は興奮しちゃうのかって変に納得しちゃって。でも、自分の奥さんが他の男に触られて泣いてるのに一人だけ興奮してるって、それがまずおかしいと思わなきゃいけなかったんだよね。,"――응, 바레바레였어. 내가 이렇게 힘든데 이 녀석은 그렇다고 생각했어.","――응, 다 티가 났었지. 내가 이렇게 힘든데 이 녀석은 참 눈치도 없다고 생각했어."
タマタマ,"불알, 고환, 알",의성어,"문맥상 성적인 묘사가 포함된 성인 소설이므로, 지나치게 의학적인 용어인 '고환'보다는 문학적 허용 범위 내에서 직관적이고 생생한 느낌을 주는 '불알'이나 '알'로 번역하는 것이 자연스럽다. 상황의 수위에 따라 적절히 선택하되, 문장 흐름에 맞춰 '커다란 불알' 혹은 '큼직한 알' 등으로 의역해야 한다.",私は主人とＴくん以外に五人ほど経験があるのですが、Ｔくんのおちんちんは、その経験の中の大人達と比べて何ら遜色がありませんでした（この時点で夫のよりも少し大きかったです）。頭の部分は完全に剥き出しになっていて、茹で卵のように艶やかな薄桃色の先端は大きく膨らみ、傘の部分は高く張り出し、雁首の溝はとても深く刻まれ、竿自体も大人並みの太さと長さがありました。その下のタマタマも大きくて沢山精子が詰まっていそうでした。立派な、成熟した雄のおちんちんでした。,그 아래의 타마타마도 커서 많은 정자가 들어있을 것 같았습니다.,그 아래의 불알도 커서 정자가 가득 차 있을 것만 같았다.
ボーボー,"덥수룩하게, 수북하게",의성어,"털이 아주 많이 나 있거나 무성한 상태를 나타낸다. 문맥상 신체 부위의 체모가 지나치게 많음을 강조하고 있으므로, 단순히 '많다'는 표현보다는 '덥수룩하다'나 '수북하다'와 같이 시각적 이미지가 전달되는 형용사적 표현으로 의역하는 것이 소설적 흐름에 자연스럽다.",「うわあ、Ｓ夜さんって毛が凄いんだね。お尻の穴までボーボーじゃない」,"우와, S야 씨는 털이 보보해 있네. 항문까지 보보해.","“우와, S야 씨는 털이 정말 대단하네. 항문까지 덥수룩하잖아.”"
クッキリ,"선명하게, 또렷하게",의성어,"시각적인 상태가 매우 명확하여 눈에 잘 들어오는 모양을 나타낸다. 소설적 문맥에서는 단순히 '밝게'라고 하기보다, 어두운 환경임에도 불구하고 대상의 모습이 '선명하게' 혹은 '또렷하게' 드러난다는 점을 강조하여 번역하는 것이 자연스럽다.",榊が寝室に用意したカメラは、12台――それらを俺は、用意された機械のボタンを押して切り替え、母と榊の『行為』を覗き見ている。カメラの性能も、マイクの性能も金がかかっているのだろうと容易に想像できるほど、画質も音質も良すぎた。榊を愛撫しつつ、母が自らのオマンコを慰めているのが、室内が暗めだというのにクッキリと映っていたし、クチュクチュという水音もヘッドホン越しにしっかりと聞こえてしまっていた。,실내가 어두운데도 쿠ッキリ하게 비치고 있었다.,"실내가 어두운 편인데도 불구하고, 모습이 선명하게 비치고 있었다."
シコシコ,"슥슥, 혹은 슥삭슥삭",의성어,"남성의 성기를 손으로 흔들어 자위하거나 애무할 때 발생하는 마찰음을 나타낸다. 소설적 문맥에서는 단순히 소리를 묘사하기보다 동작의 리듬감을 살려 '슥슥' 혹은 '슥삭슥삭'과 같이 동작을 묘사하는 부사로 의역하거나, 상황의 농밀함에 따라 '질척하게' 등의 표현을 섞어 자연스럽게 풀어내는 것이 좋다. 기계적으로 '시코시코'라고 음차하는 것은 피해야 한다.",シコシコ、シコシコ――母の柔らかな手が、榊の禍々しいチンコを扱き続ける。その間も母は榊の乳首を舐め、腹筋にキスしたりして愛撫を怠らない。,"시코시코, 시코시코―― 어머니의 부드러운 손이 사카키의 불길한 성기를 계속 만진다.","슥슥, 슥삭슥삭―― 어머니의 부드러운 손길이 사카키의 불길한 성기를 끊임없이 문질러댔다."
ハラハラ,조마조마,의성어,"상대방의 행동이 잘못될까 봐 걱정하거나 불안해하는 심리 상태를 나타낸다. 소설적 문맥에서는 '조마조마하다', '가슴을 졸이다', '안절부절못하다' 등으로 상황에 맞춰 자연스럽게 풀어써야 한다. 단순히 '하라하라'라고 음차하거나 '두근두근'처럼 가벼운 설렘으로 번역하는 것은 피해야 한다.",榊なら、もしかしたら大丈夫だと押し切るのではないかとハラハラしていると――俺の予想に反して、榊は母にだけ向けるあの優しい笑顔で「わかった」と答えていた。,사카키가 밀어붙이지 않을까 하고 하라하라하고 있었다.,"사카키라면 혹시 무리하게 밀어붙이는 건 아닐까 싶어 조마조마하며 지켜보고 있는데―― 내 예상과는 달리, 사카키는 어머니에게만 보여주는 그 다정한 미소를 지으며 ""알았어""라고 대답했다."
ゥゥゥゥ,"으으으윽, 아아아악",의성어,"단순히 모음의 연장이 아니라, 절정이나 강한 자극으로 인해 목소리가 뒤집히거나 끊어질 듯 이어지는 비명 혹은 신음 소리를 나타낸다. 한국어 소설 문맥에서는 단순히 글자를 늘리는 것이 아니라, 상황의 격렬함을 담아 '으으윽', '아아악' 등 호흡이 섞인 비명이나 신음으로 의역하는 것이 자연스럽다.",「イ゛グゥゥゥゥゥっ♡♡♡♡♡♡」,「이구우우우우우우♡♡♡♡♡♡」,"「으으으윽, 아아아악♡♡♡♡♡♡」"
ジョロジョロ,"줄줄, 콸콸",의성어,"액체가 끊이지 않고 계속해서 쏟아져 나오는 모양을 나타낸다. 소설적 문맥에서는 단순히 액체가 흐르는 느낌보다, 조절하지 못하고 쏟아져 나오는 상황의 생생함을 살리기 위해 '줄줄' 혹은 양이 많을 경우 '콸콸' 등으로 의역하며, 문장에 따라 '줄줄 새어 나오고 있었다'와 같이 자연스럽게 연결해야 한다.",ゴリッ、と音がしそうなほど親父がアナルのバイブをねじ込むと、母さんは「ひぎぃっ！！」と声を上げ、絶頂した。――震えるその足元には、ジョロジョロと尿が漏れていた。,그녀의 발밑에는 조로조로 소변이 새고 있었다.,그녀의 떨리는 발치에는 소변이 줄줄 흘러나오고 있었다.
テカテカ,"번들번들, 번쩍번쩍",의성어,"액체나 기름 등으로 인해 표면이 매끄럽게 빛나는 상태를 나타낸다. 소설적 문맥에서는 단순히 빛나는 것이 아니라, 로션이나 윤활제 때문에 미끈거리고 번들거리는 시각적 질감을 강조하여 '번들번들하게 빛나는', '번들거리는' 등으로 의역하는 것이 자연스럽다.",ローションも手渡すと、親父は念入りにバイブに塗りたくっていく。テカテカに光るそれを、親父は母さんの尻穴に添える。,"테카테카하게 빛나는 그것을, 아버지는 어머니의 항문에 갖다 댄다.","번들번들하게 빛나는 그것을, 아버지는 어머니의 항문에 갖다 대었다."
ビシャビシャ,"질퍽질퍽, 촤악촤악, 흥건히",의성어,"액체가 쏟아지거나 젖어 있는 상태를 나타낸다. 소설적 문맥에서는 액체가 분출되는 양상에 따라 '질퍽질퍽'하게 젖었다고 표현하거나, 액체가 뿌려지는 소리를 묘사할 때는 '촤악촤악' 또는 '철벅철벅' 등으로 의역하여 상황의 격렬함을 살려야 한다. 단순히 액체의 상태만을 말할 때는 '흥건히'와 같은 부사적 표현을 사용하는 것이 자연스럽다.",恵子が尻穴を責められ、絶頂する。床にビシャビシャと『潮』を撒き散らしながら、派手にイッた。,바닥에 비샤비샤하게 '조수'를 뿌리며 화려하게 갔다.,"바닥에 질퍽질퍽하게 애액을 흩뿌리며, 그녀는 격렬하게 절정에 달했다."
グツグツ,부글부글,의성어,"액체가 뜨겁게 끓어오르는 모양을 나타내는 표현이다. 본문에서는 화자의 내면에 억눌린 격정적인 감정을 마그마에 비유하고 있으므로, 감정이 들끓는 상태를 생생하게 전달할 수 있는 '부글부글' 혹은 '들끓는' 등의 표현을 사용하여 문맥에 맞게 의역해야 한다. 단순히 액체의 움직임만을 뜻하는 것이 아니라 심리적 상태를 묘사하는 맥락임을 고려하라.",俺は、胸の内でグツグツと煮えたぎるマグマを放出するように、荒々しく恵子を抱いた。,나는 가슴 속에서 구츠구츠 끓어오르는 마그마를 방출하듯 거칠게 케이코를 안았다.,"나는 가슴 속에서 부글부글 끓어오르는 마그마를 쏟아내듯, 거칠게 케이코를 품었다."
ゴテゴテ,"번쩍거리는, 화려하기만 한, 과하게 치장된",의성어,"단순히 물건이 많다는 의미를 넘어, 디자인이 지나치게 화려하거나 장식이 과하여 눈에 거슬리는 부정적인 뉘앙스를 담아야 한다. 문맥상 주인공이 아버지를 싫어하는 이유가 투영되어 있으므로, '번쩍거리는', '화려하기만 한', '과하게 치장된' 등 대상에 대한 반감을 드러내는 형용사적 표현으로 의역하는 것이 자연스럽다.",腕時計を確認する男。――親父が嫌いな、やけにゴテゴテした高級時計だ。,"아버지가 싫어하는, 유난히 고테고테한 고급 시계다.","손목시계를 확인하는 남자. ――아버지가 싫어하던, 유난히 번쩍거리고 화려하기만 한 고급 시계였다."
コロコロ,"데굴데굴, 굴리듯",의성어,"작은 물체가 가볍게 구르는 모양을 뜻하지만, 여기서는 손가락 끝으로 고환을 부드럽게 만지거나 굴리는 촉각적 묘사로 쓰였다. 소설적 문맥에서는 '데굴데굴'이라는 의태어를 직접 쓰기보다 '굴리듯', '굴리며'와 같이 동작을 수식하는 형태로 의역하여 관능적인 분위기를 살리는 것이 자연스럽다.",一度カリ首くらいまで咥え、離して先端を舐め……それを繰り返す母さん。扱くことも忘れず、そして睾丸をコロコロと可愛がるようにいじる。時折揺れる男の腰が、その快感を表しているようで……俺は、下唇を噛んだ。,그리고 고환을 코로코로 귀여워하듯이 만진다.,게다가 고환을 데굴데굴 굴리듯 애정 어린 손길로 만져댔다.
オロオロ,"허둥지둥, 안절부절못하며, 어쩔 줄 몰라 하며",의성어,"당황하거나 겁을 먹어 갈피를 잡지 못하는 상태를 나타낸다. 문맥상 아들의 서툰 모습이나 당황하는 태도를 묘사하므로, 단순히 '허둥지둥'이라고 하기보다 상황에 따라 '안절부절못하며'나 '어쩔 줄 몰라 하며'와 같이 인물의 심리 상태가 드러나도록 자연스럽게 의역하는 것이 소설적 표현으로 적합하다.",『もうね、息子がべた惚れなんですよ。出産の時なんか、妊婦に負担をかけずに世話をするにはどうしたら良いんだ、ってオロオロしながら聞いてきて……』,출산할 때 어떻게 하면 좋을지 오로오로 물어왔어요.,"출산할 때 임산부에게 부담을 주지 않고 돌보려면 어떻게 해야 하냐며, 안절부절못하며 물어왔거든요."
イクイク,"간다, 가, 가아아앗",의성어,"성적인 절정에 도달했을 때 내뱉는 감탄사로, 한국어 소설 문맥에서는 상황의 고조에 따라 '간다' 혹은 '가버려' 등의 표현을 반복하거나 길게 늘어뜨리는 방식으로 번역한다. 일본어 특유의 반복 형태를 그대로 '이쿠이쿠'라고 직역하기보다, 캐릭터의 호흡과 절정의 느낌이 살도록 자연스러운 한국어 감탄사로 의역해야 한다.",『あぁ、イクイクイク……イ……クゥゥ………っ！！』,"『아아, 이쿠이쿠이쿠……이……쿠우………!!』","『아아, 간다, 가, 가아아앗…… 가버렷……!!』"
クックッ,"큭큭, 킥킥",의성어,"입을 가리거나 목구멍 안쪽에서 새어 나오는 낮은 웃음소리를 나타낸다. 문맥에 따라 비열하거나 음흉한 느낌을 줄 때는 '큭큭'으로, 조금 더 가벼운 느낌일 때는 '킥킥'으로 번역한다. 단순히 소리 자체를 옮기기보다 인물의 성격과 분위기를 살려 자연스럽게 처리해야 한다.",男はクックックと笑いながら、秋子の尻を平手打ちした。,남자는 쿠쿠쿠 하고 웃으면서 아키코의 엉덩이를 손바닥으로 때렸다.,남자는 큭큭거리며 웃으며 아키코의 엉덩이를 손바닥으로 후려쳤다.
ハッハッ,하하하,의성어,"상대방을 비웃거나 조롱할 때 내는 웃음소리다. 문맥상 남자가 여자를 깔보며 비웃는 상황이므로, 단순히 웃음소리를 나열하기보다 '하하하'와 같이 호탕하면서도 상대를 무시하는 어조가 느껴지도록 번역해야 한다. 문장 흐름에 따라 '하하하, 하고' 또는 '하하하 하며' 등으로 자연스럽게 연결한다.",ハッハッハと馬鹿にしたように笑う男。蔑まされ、中出しされ……その姿はとても惨めで、性欲を刺激した。,하하하 하고 바보 취급하며 웃는 남자.,"하하하, 마치 바보 취급이라도 하듯 비웃는 남자. 멸시당하고, 안에 싸여버리고…… 그 모습은 너무나 처량해서 성욕을 자극했다."
ジュクジュク,질척질척,의성어,"액체가 과도하게 고여 있거나 젖어 있는 상태에서 발생하는 마찰음을 나타낸다. 소설적 문맥에서는 단순히 소리를 묘사하기보다 '질척하게', '질척질척하며'와 같이 동사나 형용사 형태로 변주하여 상황의 농밀함을 살리는 것이 자연스럽다. 기계적인 음차인 '쥬쿠쥬쿠'는 피해야 한다.",乱暴にオマンコに指を挿れ、ジュクジュクと掻き回す男。すると、掻き出された精液がトロリ、と垂れてくる。,"난폭하게 보지에 손가락을 삽입해, 쥬쿠쥬쿠하고 휘젓는 남자.",난폭하게 성기 안으로 손가락을 집어넣어 질척질척하게 휘젓는 남자. 그러자 긁혀 나온 정액이 걸쭉하게 흘러내렸다.
チョロチョロ,"졸졸, 주르륵",의성어,"액체가 적은 양으로 끊임없이 흘러나오는 모양을 나타낸다. 소설적 문맥에서는 액체의 흐름을 묘사할 때 '졸졸 흘러나오는', '주르륵 흘러내리는' 등 동사와 결합하여 상황의 생생함을 살려 의역하는 것이 자연스럽다. 단순히 소리나 모양을 직역하기보다 액체의 움직임을 묘사하는 표현을 사용해야 한다.",撮影カメラが、秋子の股間からチョロチョロと垂れている液体――尿を収める。まだイッているのに深く挿入され、ショックで失禁したのだ……。,촬영 카메라가 아키코의 가랑이 사이에서 쵸로쵸로 흘러내리는 액체――소변을 담는다.,촬영 카메라가 아키코의 가랑이 사이에서 졸졸 흘러내리는 액체――소변을 포착한다.
ズルズル,"주르륵, 스르르, 힘없이",의성어,"바닥에 몸을 끌며 주저앉는 모양새를 나타낸다. 문맥상 아키코가 기력이 다해 바닥으로 무너져 내리는 상황이므로, 단순히 소리를 묘사하기보다 '힘없이 주저앉다', '스르르 주저앉다'와 같이 동작의 상태를 나타내는 부사로 의역하여 소설적인 흐름을 살려야 한다.",ズルズルと床に座り込む秋子は、息も絶え絶えで……男の言葉に反応を返さなかった。,즈루즈루하고 바닥에 앉아버린 아키코는...,"바닥에 힘없이 주저앉은 아키코는, 숨을 몰아쉬면서도 남자의 말에 아무런 반응을 보이지 않았다."
ビリビリ,"찌익찌익, 찌르르, 북북",의성어,얇은 천이나 스타킹이 힘없이 찢어지는 날카롭고 거친 소리를 나타낸다. 소설의 긴장감이나 상황의 격렬함에 따라 '찌익찌익 찢어지는 소리' 혹은 '북북 찢겨 나가는 모양' 등으로 문맥에 맞춰 의성어/의태어를 변주하여 자연스럽게 의역해야 한다. 단순히 '비리비리'라고 직역하는 것은 피해야 한다.,壁に手をつかされると、スカートをめくられ、ストッキングがビリビリと破られる。,"벽에 손을 짚게 되자, 스커트가 들춰지고 스타킹이 비리비리하게 찢어진다.","벽에 손을 짚게 되자, 스커트가 들춰지더니 스타킹이 찌익찌익 소리를 내며 찢겨 나갔다."
コツンコツン,"툭툭, 톡톡",의성어,"단단한 것이 가볍게 부딪히는 소리나 감각을 나타낸다. 성적인 문맥에서는 성기가 내부의 민감한 지점을 가볍게 두드리는 느낌을 전달해야 하므로, 상황에 따라 '툭툭 건드리는', '톡톡 치는' 등 동사형으로 풀어서 자연스럽게 의역하는 것이 소설적 몰입감을 높인다.",『あん……良い……！　おちんちんが奥をコツンコツンて……！　気持ち良いの……！』,오친친이 안쪽을 코츤코츤 하고……!,자지가 안쪽을 툭툭 건드려서……! 기분 좋아……!
ィィィィ,이이이익……!!,의성어,"비명이나 신음 소리에서 목이 찢어지는 듯한 고통, 혹은 극도의 쾌락이나 당혹감을 나타내는 장음 표현이다. 한국어 소설 문법에서는 단순히 글자를 나열하기보다 '이이이익', '으아아악'처럼 비명의 느낌을 살린 의성어로 처리하거나, 상황에 따라 '윽', '으으윽' 등으로 문맥에 맞게 변주하여 번역해야 자연스럽다.",『イギィィィィ……ッ！！』,『이이이이……!!』,『이이이이익……!!』
キュウキュウ,"꽉꽉, 조여오는",의성어,"좁은 공간이 강하게 압박하거나 조여지는 모양을 나타내는 의태어이다. 성적인 맥락의 소설에서는 단순히 소리를 묘사하기보다, 신체 부위가 강하게 압박되는 느낌을 전달하기 위해 '꽉꽉', '조여드는', '꽉 조여오는' 등 동작과 상태를 강조하는 표현으로 의역하는 것이 자연스럽다.",『凄いよ、秋子ちゃんのこの、熟女マンコ！　キュウキュウ締め付けてくる！！』,아키코 양의 만코가 큐우큐우 조여온다!,"“대단해, 아키코 양의 이 숙녀 만코! 꽉꽉 조여오고 있어!!”"
トロトロ,"질척질척하게, 녹아내릴 듯이",의성어,"액체가 넘쳐나거나 점도가 높아 흐물거리는 상태를 나타낸다. 성적인 문맥에서는 애액으로 인해 흠뻑 젖어 있거나, 쾌락으로 인해 몸이 풀어진 상태를 묘사하므로 '질척질척', '질퍽질퍽' 또는 '녹아내릴 듯한' 등의 표현을 사용하여 관능적인 분위기를 살려 의역해야 한다. 단순히 액체의 질감만을 뜻하는 '걸쭉하게' 같은 표현은 문학적 맛이 떨어질 수 있다.",トロトロに蕩けているオマンコに出し入れされる榊の指。嬌声を上げながら、母は『潮』を噴いていた。,트로트로 녹아있는 보지에 삽입되는 사카키의 손가락.,질척하게 녹아내린 성기 속으로 사카키의 손가락이 드나들었다.
プシュプシュ,"퓨슉퓨슉, 뿜어져 나오는, 뿜어대며",의성어,"액체가 압력을 받아 분출되는 소리나 모양을 나타낸다. 소설적 문맥에서는 단순히 소리를 묘사하기보다 액체가 뿜어져 나오는 역동적인 상황을 묘사하는 동사적 표현(예: 뿜어내다, 뿜어대다)으로 의역하거나, 현장감을 살리기 위해 '퓨슉퓨슉'과 같은 의성어를 적절히 섞어 사용하는 것이 자연스럽다. 기계적으로 '푸슈푸슈'라고 음차하는 것은 피해야 한다.",痙攣しながら、画面の中の母が絶頂を迎える。プシュプシュと『潮』を噴きながら、淫らにイク。,"푸슈푸슈하며 '조'를 분출하며, 음란하게 간다.","경련하며 화면 속의 어머니가 절정에 달한다. 퓨슉퓨슉 소리를 내며 '애액'을 뿜어대며, 음란하게 가버린다."
ガッチリ,"꽉, 단단히, 빈틈없이",의성어,"물건을 세게 잡거나 입으로 무언가를 물었을 때의 상태를 나타낸다. 문맥상 성적인 긴장감이 있는 상황이므로, 단순히 '단단히'라고 하기보다는 입안에 가득 차서 빠져나갈 틈 없이 물고 있는 모양새를 강조하여 '꽉', '빈틈없이' 등으로 의역하는 것이 소설적 몰입감을 높인다.",「いいえ、貴女は淫乱なんですよ！　夫以外の男の肉棒を、ちんぽを！　こうしてガッチリ咥えこんで……妊婦だというのに、感じて喘いでいるじゃありませんか！！」,이렇게 가치리 물고 있어서……,이렇게 꽉 물고 있으면서……
ヒラヒラ,하늘하늘,의성어,"옷감이나 천이 가볍게 흔들리는 모양을 나타낸다. 문맥상 마タニ티 드레스의 가볍고 부드러운 느낌을 살려 '하늘하늘한', '살랑거리는' 등으로 의역하는 것이 소설적 표현으로 적절하다. 단순히 '펄럭펄럭'이라고 하면 다소 거친 느낌을 줄 수 있으므로 주의해야 한다.",「妊婦！　って感じの、それでいて可愛い衣装を用意しました！　良いでしょ、この薄ピンクでヒラヒラな、マタニティドレス！」,"좋죠, 이 연분홍색의 히라히라한 마タニ티 드레스!","좋죠, 이 연분홍색의 하늘하늘한 마タニ티 드레스!"
アワアワ,"허둥지둥, 허겁지겁, 어쩔 줄 몰라 하며",의성어,"당황하여 어찌할 바를 모르거나, 흥분해서 정신없이 행동하는 모양을 나타낸다. 문맥상 어머니가 갑작스러운 상황에 당황하면서도 기쁨을 감추지 못해 몸짓이 분주해진 상태이므로, 단순히 '허둥지둥'이라고 하기보다 '어쩔 줄 몰라 하며' 또는 '정신없이'와 같이 인물의 심리 상태가 드러나도록 의역하는 것이 자연스럽다.",榊にお姫様抱っこされ、アワアワしながらも嬉しそうな母。,사카키에게 공주님 안기를 당하며 아와아와하면서도 기뻐 보이는 어머니.,"사카키가 공주님 안기를 하자, 어머니는 어쩔 줄 몰라 당황하면서도 무척 기쁜 기색이었다."
パコパコ,"퍽퍽, 팍팍, 찔러대다",의성어,"성적인 행위 시 발생하는 격렬한 피스톤 운동을 나타내는 의성어이다. 소설의 문맥과 수위에 따라 '퍽퍽'과 같은 강한 타격음으로 번역하거나, 동작을 강조하기 위해 '찔러대다', '박아대다'와 같이 동사형으로 의역하는 것이 자연스럽다. 단순히 소리만을 묘사하는 것에 그치지 말고 행위의 역동성을 살려야 한다.",『気持ち良いですか？　他人のちんぽをオマンコにパコパコ挿れられて！』,다른 사람의 자지를 보지에 파코파코 삽입당하고 있어서 기분 좋나요?,“기분 좋아? 남의 자지를 보지에 퍽퍽 박히는데도 말이야!”
ビュービュー,"뿜어져 나오는, 뿜뿜, 콸콸",의성어,"액체가 강한 압력으로 빠르게 분출되는 모양을 나타낸다. 소설적 문맥에서는 단순히 소리를 묘사하기보다 사정의 양상이나 속도감을 살려 '뿜어져 나오다', '거침없이 쏟아지다'와 같이 동사형으로 의역하거나, 분출되는 느낌을 강조하는 부사로 처리하는 것이 자연스럽다. '뷰뷰'와 같은 기계적인 음성 상징어 직역은 피해야 한다.",その刺激と、画面の奥の『刺激』にビュービューと射精は続く。,그 자극과 화면 너머의 『자극』에 뷰뷰하고 사정은 계속된다.,"그 자극과 화면 너머의 『자극』에 이끌려, 정액은 뿜어져 나오듯 끊임없이 사정되었다."
ヌチョヌチョ,질척질척,의성어,"액체가 섞여 끈적이고 축축한 상태를 나타내는 표현이다. 소설적 문맥에서는 단순히 상태를 설명하기보다 '질척질척하게 젖어 있었다'나 '질척거렸다'와 같이 동사형으로 풀어서 쓰거나, 상황의 불쾌함을 강조할 수 있도록 자연스러운 형용사/부사 형태로 의역하는 것이 좋다. '누쵸누쵸'와 같은 일본어 발음을 그대로 옮기는 것은 피해야 한다.",下着の中は暴発した精液でヌチョヌチョになり、気持ち悪かった。,속옷 안은 폭발한 정액으로 누쵸누쵸가 되어 기분 나빴다.,속옷 안은 터져 나온 정액으로 질척질척하게 젖어 있어 기분이 불쾌했다.
グッタリ,"축 늘어져, 기진맥진하여",의성어,"기운이 다 빠져 몸에 힘이 없는 상태를 나타낸다. 문맥에 따라 '축 늘어져', '기진맥진하여', '맥없이' 등으로 의역하여 인물의 무력한 상태를 소설적으로 표현해야 한다. 단순히 '구타리하게'와 같이 음차하거나 '지쳐서'라고만 하기에는 인물의 처절한 상태가 부족할 수 있다.",グッタリと、ベッドに寝かされた母は、仰向けのまま、天井を見つめて何も答えない。,구타리하게 침대에 눕혀진 어머니는 천장을 바라보았다.,"축 늘어진 채 침대에 눕혀진 어머니는, 천장을 바라본 채 아무런 대답도 하지 않았다."
エロエロ,"야릇한, 선정적인, 질척하게 젖은",의성어,"단순히 '야한'이라는 의미를 넘어, 성적인 흥분이 고조되어 있거나 육체적으로 매우 관능적인 상태를 나타낸다. 소설의 문맥에 따라 '야릇한'으로 분위기를 살리거나, 상황이 노골적이라면 '질척하게 젖은' 혹은 '음란한' 등으로 의역하여 문장의 관능미를 극대화해야 한다. '에로에로'라는 발음을 그대로 옮기는 것은 피해야 한다.",「それじゃあ、奥さんのエロエロ熟女マンコに挿入するからね」,"「그럼, 부인의 에로에로한 숙녀 보지에 삽입할게.」","「그럼, 부인의 야릇하게 젖은 숙녀 보지에 삽입할게.」"
スケスケ,"비치는, 속이 다 들여다보이는",의성어,"옷감이 얇아 몸이나 속옷이 비쳐 보이는 상태를 나타낸다. 소설적 문맥에서는 단순히 '투명하다'는 표현보다는 '비치는', '속이 다 비치는', '살결이 비치는' 등 상황의 관능미나 시각적 묘사를 살려 자연스럽게 의역해야 한다.",ベッドの上には、先程とは違う、黒いスケスケの――ベビードールというやつに着替えた母と、ボクサーブリーフだけになった榊がいた。,침대 위에는 스케스케한 검은색 베이비돌을 입은 엄마가 있었다.,"침대 위에는 아까와는 다른, 검은색의 속이 훤히 비치는――베이비돌이라는 옷으로 갈아입은 어머니와, 복서 브리프 차림이 된 사카키가 있었다."
ビチョビチョ,"흠뻑, 축축하게, 질척하게",의성어,"액체에 완전히 젖어 있는 상태를 나타낸다. 문맥상 성적인 상황이나 신체 부위의 젖은 상태를 묘사하므로, 단순히 '흠뻑'이라고 하기보다는 '질척하게 젖어 있다'거나 '축축하게 젖었다'는 식으로 상황의 농밀함이 느껴지도록 의역하는 것이 자연스럽다.",「ビチョビチョでグチョグチョですよ、奥さん……旦那さんとする時も、こんなに濡れ濡れなの？」,"비쵸비쵸하게 젖어 있어요, 부인…….","완전히 질척하게 젖어 있잖아요, 부인…… 남편분과 할 때도 이렇게나 흠뻑 젖나요?"
ウキウキ,"들뜬 마음으로, 신이 나서, 싱글벙글하며",의성어,"기분이 좋아 어쩔 줄 모르거나 기대감에 부풀어 있는 상태를 나타낸다. 문맥에 따라 '들떠서', '신이 나서' 등으로 의역하며, 인물의 동작이나 표정을 묘사할 때 자연스럽게 녹여내야 한다. 단순히 '우키우키하며'라고 음차하는 것은 피해야 한다.",ウキウキとしながら橘が身を乗り出す。,우키우키하면서 타치바나가 몸을 내민다.,타치바나는 잔뜩 들뜬 채 몸을 앞으로 내밀었다.
ビュビュ,"퓨슉퓨슉, 뿜어져, 울컥울컥",의성어,"액체가 강한 압력으로 뿜어져 나오는 소리를 나타낸다. 소설의 문맥과 상황에 따라 '퓨슉퓨슉'과 같은 파열음 계열이나, 액체의 양과 속도감을 살린 '울컥울컥', '뿜어져' 등의 동사적 표현을 사용하여 자연스럽게 의역해야 한다. 단순히 소리만 옮기기보다 액체가 흩뿌려지는 역동적인 느낌을 살리는 것이 중요하다.",ビュビュ、と精液が飛び散る。,"비유비유, 하고 정액이 흩뿌려진다.",정액이 퓨슉퓨슉 소리를 내며 사방으로 튀었다.
グチャグチャ,"엉망진창, 엉망, 엉망이 된",의성어,"액체(정액, 눈물, 콧물)가 뒤섞여 형체를 알아보기 힘들 정도로 지저분해진 상태를 나타낸다. 문맥상 단순히 '뒤섞였다'는 의미를 넘어, 얼굴이 눈물과 콧물, 정액으로 인해 처참하게 망가진 모습을 묘사하므로 '엉망진창이었다', '엉망이 되어 있었다'와 같이 상태를 강조하는 표현으로 의역하는 것이 자연스럽다.",榊に後ろ髪を掴まれ、上げさせられたその顔は酷いもので、口から精液をこぼしながら、涙と鼻水でグチャグチャだった。,입에서 정액을 흘리며 눈물과 콧물로 구차구차했다.,입가로 정액을 흘리는 그 얼굴은 눈물과 콧물로 범벅이 되어 엉망진창이었다.
ケホケホ,콜록콜록,의성어,"목이 메거나 가래가 걸려 기침을 하는 모양을 나타낸다. 문맥상 어머니가 아버지의 신체 부위 근처에서 무언가(냄새나 자극 등)로 인해 숨이 막히거나 기침을 하는 상황이므로, 한국어 소설 표현에서 가장 자연스러운 '콜록콜록' 혹은 '컥컥' 등으로 의역하는 것이 좋다. 단순히 소리 자체를 옮기기보다 동작의 느낌을 살려야 한다.",そんな父の股間で、母はケホケホとむせている。,"그런 아버지의 가랑이 사이에서, 어머니는 케호케호 하고 사레들려 있다.","그런 아버지의 가랑이 사이에서, 어머니는 콜록거리며 기침을 내뱉고 있었다."
ガクガク,"덜덜, 파르르, 사시나무 떨듯",의성어,"신체적인 경련이나 공포, 혹은 생리적인 현상으로 인해 몸이 심하게 떨리는 모양을 나타낸다. 문맥상 실금(失禁)과 함께 쓰였으므로, 단순히 떨리는 것을 넘어 통제력을 잃고 몸이 격하게 흔들리는 느낌을 살려 '덜덜 떨다', '사시나무 떨듯 떨다' 등으로 상황에 맞게 의역해야 한다. '가쿠가쿠'라는 발음을 그대로 옮기는 것은 피해야 한다.",思わず凝視すると、母は失禁しながらガクガクと震えていた。,"나도 모르게 응시하자, 어머니는 실금하며 가쿠가쿠 떨고 있었다.","나도 모르게 응시하자, 어머니는 실금을 하며 몸을 덜덜 떨고 있었다."
テラテラ,"번들번들, 번들거리는",의성어,"액체나 기름기 등으로 인해 표면이 매끄럽고 빛나는 모양을 나타낸다. 소설적 문맥에서는 단순히 상태를 설명하기보다 '번들거리는 모습이 보였다' 혹은 '번들번들하게 빛났다'처럼 대상의 상태를 묘사하는 형용사적 표현으로 자연스럽게 의역해야 한다. 상황의 선정성이나 분위기에 따라 '번들거리는', '번들번들한' 등으로 변주할 수 있다.",抵抗しようとするも、手で呆気なく抑え込まれる母。開かれた両足の間のそこは、たしかにテラテラと光って見えた。,벌려진 양다리 사이 그곳은 확실히 테라테라하게 빛나 보였다.,벌려진 양다리 사이 그곳은 분명 번들거리며 빛나 보였다.
ヒィヒィ,"헉헉, 히익히익",의성어,"숨이 가빠서 내는 거친 숨소리나 고통 혹은 쾌락으로 인해 몰아쉬는 신음 소리를 나타낸다. 문맥에 따라 '헉헉대며', '헐떡이며', 혹은 비명 섞인 신음인 '히익히익' 등으로 상황에 맞춰 자연스럽게 의역해야 한다. 단순히 소리 자체를 나열하기보다 인물의 상태를 묘사하는 부사적 표현으로 다듬는 것이 소설적이다.",「そんじゃ、ヒィヒィ良い声で啼いてくれよ？」,"'그럼, 히익히익 좋은 목소리로 울어줘?'","'그럼, 헉헉대며 기분 좋은 목소리로 울어줘야겠지?'"
ボコボコ,"엉망진창으로, 만신창이가 되도록, 사정없이",의성어,"상대방에게 일방적으로 두들겨 맞아 몸 상태가 매우 나빠진 상황을 나타낸다. 소설적 문맥에서는 단순히 '두들겨 맞다'라는 표현을 넘어, '엉망진창이 되었다'거나 '만신창이가 되었다'와 같이 피해의 정도를 강조하는 표현으로 의역하는 것이 자연스럽다. 상황에 따라 '사정없이 얻어맞아' 등으로 변주할 수 있다.",夏休み。友人達と青春を謳歌しようと、気軽にナンパし、ノッてきた女とホテルに行った。情事を終え、そのホテルから出ようとしたら黒服の男にボコボコにされ――。,검은 옷을 입은 남자에게 보코보코하게 맞았다.,검은 옷을 입은 남자에게 얻어맞아 만신창이가 되었다.
カチカチ,딱딱하게,의성어,"단단하게 굳은 상태를 나타내는 표현이다. 문맥상 성적인 흥분으로 인해 신체 부위가 발기된 상태를 묘사하므로, 단순히 '딱딱하다'는 사전적 의미를 넘어 '딱딱하게 부풀어 오른', '단단해진' 등 상황의 긴장감과 관능미를 살려 의역하는 것이 자연스럽다.",義母も僕のパジャマとパンツの中に手を入れて、既にカチカチになっているイチモツを握り出す。,"의붓어머니도 내 파자마와 팬티 속에 손을 넣어, 이미 카치카치해져 있는 물건을 쥐기 시작한다.","의붓어머니도 내 잠옷과 팬티 속으로 손을 밀어 넣어, 이미 딱딱하게 발기한 물건을 움켜쥐었다."
ジュルジュル,"츄릅츄릅, 츕츕, 질척질척",의성어,"액체가 섞인 상태에서 무언가를 강하게 빨아들이거나 핥을 때 나는 젖은 마찰음을 나타낸다. 소설적 문맥에서는 단순히 소리를 나열하기보다 '츄릅거리며', '질척하게' 등 동사나 형용사 형태로 변주하여 상황의 농밀함을 살리는 것이 자연스럽다. 기계적으로 '쥬루쥬루'라고 음차하는 것은 피해야 한다.",ジュル〜ジュルジュル〜！「ア、ア〜ン！タケシくんそんなに舐めちゃあ〜！！」,"쥬루쥬루! ""아, 아앙! 타케시 군 그렇게 쥬루쥬루하면 안 돼!!""","츄릅, 츄르릅! ""아, 아앙! 타케시 군, 그렇게 질척하게 핥으면 안 돼!!"""
ヒクヒク,"실룩실룩, 움찔움찔, 파르르",의성어,"근육이나 신체 부위가 경련하듯 반복적으로 움직이는 모양을 나타낸다. 문맥상 질 내부 근육이 수축하며 압박을 가하는 상황이므로, 단순히 움직임을 묘사하기보다 '움찔거리며', '실룩이며'와 같이 동사형으로 풀어내거나 근육의 떨림을 강조하는 표현을 사용하여 성적인 긴장감과 생동감을 살려 의역해야 한다.",何と義母が時折ヒクヒクさせる膣内の圧迫によって、僕のナニは段々と膨張して,"시어머니가 때때로 히쿠히쿠하게 만드는 질 내의 압박에 의해, 나의 것은 점점 팽창해서","시어머니가 이따금 움찔거리며 조여오는 질 내부의 압박에, 내 물건은 점점 부풀어 올라"
ムクムク,"불쑥, 빳빳하게",의성어,"무언가 안에서 솟아오르거나 부풀어 오르는 모양을 나타낸다. 성적인 맥락에서는 발기하는 상황을 묘사하므로, 단순히 '부풀다'라는 표현보다는 신체 부위의 변화를 생생하게 전달할 수 있도록 '불쑥', '빳빳하게', '툭 불거져 나왔다' 등의 표현을 사용하여 소설적 긴장감을 살려 의역해야 한다.",僕は布団に入って義母との交わりを思い出したが、途端にナニがムクムク。,"나는 이불 속에 들어가 계모와의 교제를 떠올렸지만, 곧바로 그것이 무쿠무쿠해졌다.","나는 이불 속으로 들어가 계모와 나누었던 정사를 떠올렸고, 그 순간 아래가 불쑥 빳빳하게 고개를 들었다."
ワクワク,두근두근,의성어,"기대감이나 설렘으로 인해 마음이 진동하는 상태를 나타낸다. 문맥상 잠자리에 들어서도 기대감 때문에 가슴이 두근거리는 상황이므로, 단순히 '들뜨다'라고 하기보다는 심장 박동이 느껴지는 듯한 '두근두근' 혹은 '설레는 마음' 등으로 의역하여 인물의 감정선을 살려야 한다.",就寝となって布団に入ってもワクワク。。。何か１回目よりも凄くうれしさが,잠자리에 들어 이불 속에 들어가도 와쿠와쿠。。。 무언가 첫 번째보다 훨씬 기쁨이,잠자리에 들어 이불 속에 누워도 가슴이 두근거렸다... 무언가 첫 번째 때보다 훨씬 더 큰 기쁨이...
ズブズブ,"푹, 푹, 혹은 꾸역꾸역",의성어,"무언가 저항이 있는 곳을 깊숙이 파고들거나, 점성이 있는 곳으로 밀려 들어가는 모양을 나타낸다. 소설적 문맥에서는 삽입의 깊이감과 질감을 살리기 위해 '푹푹', '깊숙이', '꾸역꾸역' 등 상황에 맞는 동사적 표현이나 부사를 사용하여 문장 전체의 흐름을 자연스럽게 만들어야 한다. 단순히 소리만을 묘사하는 것이 아니라 침투하는 느낌을 강조해야 한다.",そのまま押し込んだらズブズブと義母の膣内に。,그대로 밀어 넣었더니 즈부즈부와 의모의 질 내로.,"그대로 밀어 넣자, 의모의 질 안으로 푹, 푹 파고들었다."
ユックリ,"천천히, 느긋하게",의성어,"문맥에 따라 '천천히' 혹은 '느릿느릿' 등으로 번역한다. 상대방의 상태(젖어 있지 않음)를 고려하여 서두르지 않고 여유 있게 행동하겠다는 의도가 담겨 있으므로, 상황의 호흡을 조절하는 부사로 자연스럽게 의역해야 한다. 단순히 속도만을 의미하는 것이 아니라 분위기를 조성하는 느낌을 살리는 것이 중요하다.",「あの。。。濡れていないからユックリとね。」,“저기... 젖어 있지 않으니까 유쿠리 하게 말이야.”,"“저기... 젖어 있지 않으니까, 천천히 하자.”"
コッソリ,"몰래, 남몰래, 은밀하게",의성어,"남의 눈을 피해 비밀스럽게 행동하는 모양을 나타낸다. 소설적 문맥에서는 단순히 '몰래'라고 하기보다, 주인공의 내밀한 욕망이나 부끄러운 행동을 강조하기 위해 '남몰래' 혹은 '은밀히'와 같이 문장의 분위기에 맞춰 의역하는 것이 자연스럽다.",僕の母親は早くに他界し父は若い後妻をもらった。僕にとっても魅力的な女性で、コッソリ彼女の裸を想像してオナニーする毎日。。。しかしとんでも無い提案が義母から持ち上がったので仰天！,"나에게도 매력적인 여성이라서, 코소리 그녀의 알몸을 상상하며 자위하는 매일...","나에게도 매력적인 여성이었기에, 남몰래 그녀의 알몸을 상상하며 자위하는 나날이 이어졌다..."
モヤモヤ,"답답함, 몽글몽글한 불안감, 뿌연 안개 같은 기분",의성어,"마음속에 무언가 걸려 있는 듯한 불쾌하거나 답답한 상태를 나타낸다. 문맥상 주인공이 느끼는 정체 모를 불안이나 심리적 혼란을 의미하므로, 단순히 '모야모야'라고 음차하기보다는 '답답함', '찝찝함', '안개처럼 뿌연 마음' 등으로 의역하여 인물의 심리 상태를 문학적으로 표현해야 한다.",そんな心のモヤモヤを忘れたいからか…彼との行為にますます夢中になっていく、,그런 마음의 모야모야를 잊고 싶어서인지…,그런 마음속의 답답함을 잊고 싶어서인지… 그는 그와의 행위에 점점 더 빠져들었다.
ダメダメ,"엉망진창, 형편없는, 엉망",의성어,"상대방의 실력이나 상태가 기대치에 훨씬 못 미칠 때 사용하는 표현이다. 소설 문맥에서는 단순히 '안 된다'는 의미를 넘어, 상대의 행동이 '엉망이다' 혹은 '형편없다'는 식의 비난이나 놀림의 어조를 담아 자연스럽게 의역해야 한다. 상황에 따라 '하나부터 열까지 다 엉망이다'라는 느낌을 살리는 것이 좋다.",「ええ！掃除も洗濯も先輩の求めてるものに比べてダメダメみたいですねー専業なのにって」,청소도 빨래도 선배가 원하는 것에 비하면 다메다메 같네요.,“에엣! 청소도 빨래도 선배가 원하는 수준에는 한참 못 미치는 엉망진창인 모양이네요? 전업주부라면서요!”
ピカピカ,"반짝반짝, 깨끗하게",의성어,"물건이나 장소가 먼지 하나 없이 아주 깨끗하게 닦여 있는 상태를 나타낸다. 소설 문맥에서는 단순히 '반짝반짝'이라는 의태어를 그대로 쓰기보다, '반짝거릴 정도로 깨끗한', '티 하나 없이 깨끗한' 등 상태를 묘사하는 형용사적 표현으로 의역하는 것이 훨씬 자연스럽다.",そんな…旦那はいつも部屋はピカピカでありがとうって言ってくれてたのに、,"남편은 항상 방이 피카피카하다고 고맙다고 말해줬는데,","그럴 리가… 남편은 항상 방이 반짝거릴 정도로 깨끗하다며 고맙다고 말해줬는데,"
コンコン,똑똑,의성어,"문을 두드리는 가볍고 규칙적인 소리를 나타낸다. 한국어 소설 문맥에서는 '똑똑'이라는 의성어를 사용하거나, 상황에 따라 '노크 소리가 들렸다'와 같이 동작으로 풀어내는 것이 자연스럽다. 기계적으로 '콘콘'이라고 음차하지 않도록 주의한다.",どれくらい経ったのか…コンコンと部屋のドアが叩かれた、,얼마나 지났을까… 콘콘 하고 방 문이 두드려졌다.,"얼마나 시간이 흘렀을까… 똑똑, 하고 방 문을 두드리는 소리가 들렸다."
ギシギシ,끼익끼익,의성어,"나무나 금속 등 딱딱한 물체가 마찰하며 나는 날카롭거나 불길한 소리를 나타낸다. 문맥상 정체 모를 소리에 대한 공포나 의구심을 드러내고 있으므로, 단순히 소리 자체를 묘사하기보다 '끼익끼익거리는 소리' 혹은 '끼익대는 소리'처럼 상황에 맞춰 자연스럽게 의역해야 한다.",むこうから物音がする…ギシギシって…何だ？,저쪽에서 물건 소리가 난다… 기시기시라고… 뭐야?,저쪽에서 무슨 소리가 나… 끼익끼익거리는 소리인데… 대체 뭐야?
モリモリ,"게걸스럽게, 허겁지겁, 복스럽게",의성어,"음식을 아주 힘차고 빠르게, 혹은 양껏 먹는 모양을 나타낸다. 한국어 소설 문맥에서는 단순히 '많이'라는 의미를 넘어, 식욕이 왕성하게 느껴지도록 '게걸스럽게'나 '허겁지겁' 혹은 보기 좋게 먹는다는 의미의 '복스럽게' 등으로 상황에 맞춰 의역하는 것이 자연스럽다. '모리모리'를 그대로 음차하는 것은 피해야 한다.",お母さんの作ったご飯をモリモリと食べるお父さん。,엄마가 만든 밥을 모리모리 먹는 아빠.,엄마가 차려준 밥을 게걸스럽게 먹어 치우는 아빠.
メンゴメンゴ,미안 미안,의성어,"원문의 'メンゴメンゴ'는 '고멘나사이(죄송합니다)'를 귀엽거나 가볍게 변형하여 말하는 유행어적 표현이다. 문맥상 청년이 상대방에게 장난스럽거나 가벼운 태도로 사과하며 상황을 넘기려는 어조이므로, 한국어 소설 문체에서는 상황에 따라 '미안 미안', '미안하다니까' 등으로 자연스럽게 의역해야 한다. 일본어 발음을 그대로 옮긴 '멘고멘고'는 문학적 흐름을 해칠 수 있다.",「メンゴメンゴ」と青年は、私の妻の口内に自分達も早く浸したい他の二人に謝り、,"""멘고멘고""라고 청년은 내 아내의 입안에 자신들도 빨리 담그고 싶어 하는 다른 두 사람에게 사과하며,","""미안, 미안."" 청년은 내 아내의 입안을 자신들도 어서 맛보고 싶어 안달 난 다른 두 사람에게 사과하며,"
ラブラブ,"알콩달콩한, 달콤한, 뜨거운",의성어,"연인 사이의 애정이 넘치는 상태를 나타내는 표현이다. 소설의 문맥상 성적인 행위가 포함되어 있으므로, 단순히 '사랑스러운'이라고 하기보다는 상황의 분위기에 맞춰 '달콤한 정사'나 '뜨거운 관계' 등으로 의역하여 문장의 흐름을 자연스럽게 만드는 것이 중요하다.",ぽかんとする私に、「あーこれ、今朝の映像ではないよ」少年が言う。「この後はもう、二人のラブラブエッチが延々続くから、ちょっと飛ばすね」次に画面を見ると、17時半になっていて、見れば、妻を今正常位で犯しているのは最初に入れていた方の男だ。え…………？？,이 뒤로는 두 사람의 라브라브한 에치가 계속되니까 조금 건너뛸게.,"이 뒤로는 두 사람이 한창 달콤한 정사를 나누는 장면이 계속 이어지니까, 조금 건너뛸게."
ニッコリ,"생긋, 방긋, 싱긋",의성어,"입꼬리를 살짝 올리며 부드럽게 또는 의미심장하게 웃는 모양을 나타낸다. 문맥상 옆의 청년이 주인공의 깨달음을 확인시켜 주듯 여유롭고 기분 나쁘지 않게(혹은 상황을 즐기며) 미소 짓는 장면이므로, 상황의 분위기에 따라 '생긋' 혹은 '싱긋'으로 의역하는 것이 자연스럽다. '니코리'라는 발음을 그대로 옮기는 것은 피해야 한다.",画面に映った時計をふと見て思う。時間は9時40分……今、妻は四つん這いで、男の腰振りの激しいためか、上半身は床に跪くようになっている。そんな妻のことを容赦なく何度も激しく突く男。妻の、大きさのそこそこの乳房も、このように……と思える速度で揺さぶられている。……これは、一番最初に見たシーン、か。隣の青年がニッコリとそうだよ、と微笑む。,옆의 청년이 니코리와 그렇게 말하며 미소 짓는다.,옆의 청년이 그렇다는 듯 생긋 미소 지었다.
ヨチヨチ,비틀비틀,의성어,"발걸음이 불안정하여 제대로 걷지 못하고 조심스럽게, 혹은 힘없이 걷는 모양을 나타낸다. 문맥상 신체적 제약이나 상태로 인해 중심을 잡지 못하는 상황이므로, 단순히 '아장아장' 같은 귀여운 느낌보다는 '비틀비틀'이나 '휘청거리며'와 같이 불안정한 움직임을 강조하여 소설적으로 표현하는 것이 자연스럽다.",「浣腸されて感じている」のだ。〝夫以外の男に調教された淫らな自分〟にＭ女として感じているのか〝エネマシリング〟にアヌスで感じているのか、それとも〝浣腸による排泄感〟に直腸で感じているのか・・・もうすでに限界は超えているだろう。洗面器に上手く全てを排泄させる自信がなかった。妻を立たせその手にゴム球の付いたチューブと浣腸器を外したチューブを持たせ肩を押すよう２人でバスルームに向かった。足元の心許ないヨチヨチ歩きでバスタブの前まで辿り着いた。ユニットバスなら大小便で汚しても洗い流せるし換気扇が付いているので悪臭がこもるのもある程度は軽減出来る。妻の口からどんな言葉が飛び出るか確かめるため猿轡を外した。紐の跡が赤く口の両側に残っている。２本のチューブを妻から奪い、換気扇と給湯のスイッチを入れ後ろ向きに立たせバスタブに両手を着かせた。ポルノ雑誌に載っている立後背位を取らせた。チューブを下に引っ張ると妻も腰を下ろし大便をする恰好になった。,발밑의 요치요치 걸음으로 욕조 앞까지 도착했다.,발밑이 불안한 듯 비틀거리며 걷는 걸음으로 욕조 앞까지 다다랐다.
ジージー,"징징, 윙윙",의성어,"전기 모터나 기계가 돌아가는 소리를 나타내는 의성어다. 문맥상 로터(진동기)의 스위치가 켜지며 발생하는 소음이므로, 소설적 허용을 더해 기계적인 느낌을 주는 '징징'이나 진동의 느낌을 살린 '윙윙'으로 번역하는 것이 자연스럽다. 단순히 '지지'라고 음절을 끊어 직역하기보다 상황의 긴박함이나 분위기에 맞춰 의역해야 한다.",妻はアクメに達していないだろうし男性も射精を終えていない。余程大事な用事なのだろう、妻は男性に『今夜はもう・・・』と話しかけると男性は【急用だ帰る、また今度だ】『今度って？』【都合の良い時に連絡してくれ、職場には電話するなよ】『はい、分かりました』妻が立ち上がってスリッパの音がした時に弾みでローターのスイッチが入ったのだろうかくもったモーターの音がジージーと鳴り始め妻が小さな声をあげた。コマンダーが床を転がる音がしてモーターの音が止まった。妻は直腸にローターをくわえたままだったのだ。キスを交わす音がして男性は靴を履き、自分の携帯でタクシーを呼んでから部屋を出て行った。暫くしてマンションの玄関にタクシーが着き男性は乗り込んで駅の方に走り去っていった。見上げるとカーテンが少しだけ開けられ室内の光が漏れている。妻は男の帰るのを黙って見送っていた。,모터 소리가 지지하고 울리기 시작했다.,모터 소리가 징징거리며 울리기 시작하자 아내가 작은 신음을 내뱉었다.
カチャカチャ,"찰칵찰칵, 달그락달그락",의성어,"금속 재질의 버클이나 벨트가 부딪히며 나는 경쾌하거나 날카로운 소리를 나타낸다. 문맥상 남성이 급하게 옷을 입으며 벨트를 채우는 상황이므로, 기계적인 '카챠카챠'보다는 금속음의 질감이 느껴지는 '찰칵찰칵'이나 '달그락달그락'으로 의역하여 긴박함이나 일상적인 소음을 자연스럽게 묘사해야 한다.",見失う心配もないのでゆっくりとしかし高鳴る胸の鼓動を感じながらバイクを走らせ、マンション近くに駐車してある軽トラックに乗り移り盗聴器のイヤホンを耳に付けた時に２人は既に部屋のドアを閉めドアチェーンを掛けるところだった。チェーンの金具がドアに取り付けられる音、ユニットバスの引き違いのドアを開ける音、風呂の湯沸かし器の点火される音等々が次々と手に取るように聞こえて来る。大きな足音は男性のものだろう。妻の足音はスリッパを履いているのか擦る落としか聞こえない。２つの足音はソファベットに近付き整理ダンスの引き出しを開ける音、ビニールの包装紙を外す音・・・男性と思われる足音はソファベットに腰掛けクローゼットの扉を開けコマンダーを操作する音に続いてＴＶから妻の泣き声のような身悶えしている声が再生されている。缶ビールのプルトップを起こす音がしてビールを飲み出した。５分ほどしてスリッパの音が近付いてきた。妻が浴室から出て男性が待つソファベットに近付いてきたのだろう・・・【Ｒ子は何をして欲しいんだ？】『貴方に愛してほしい・・・』【どうやって？】『私を縛って恥ずかしい事をして下さい』【恥ずかしい事って何だ？】『・・・・』【お尻を愛してやろうか？】『はい・・前にも入れて下さい』【今日は中に出すぞ、いいな】『安全日なので大丈夫です・・・』【よし分かった。バスタオルを取って身体を見せてくれ】『はい』【やっぱりお前はこのガーターとストッキング格好が一番色っぽいな】暫く沈黙が続き２人の足音は遠ざかって行った。妻の小さな悲鳴、トイレを流す音・・・妻はユニットバスで浣腸されトイレで排泄させられたのだろう。５分ほどして２人の足音が近付いて来た。ソファベットのきしむ音がして【さあ俺の上に乗れ、お尻にローターを入れてやろう】『はい・・・』【さあ、しゃぶって大きくしてくれ】『・・・』窓のカーテンが少し揺れ人影が映った。窮屈な運転席でＰニスは勃起し先が濡れるのが分かる。妻と男性はソファベットの上でお互いを求め合い２０分ほど激しいセックスを繰り広げ妻が男性に感極まって鳴き声で『お尻に・・・お尻に入れて下さい』と叫んだ。突然、部屋の電話が鳴り出した。呼吸を整えた妻が『はい、○シール・ソサエティーです』《Ｔ美ですが・・オーナーはいますか？》『はい、来られてます。代わります』【はい、Ｎ田ですが・・】《Ｔ美です。至急、スタジオにお戻り下さい》女性の電話の声は少しぶっきらぼうで苛立った口調だった。【わかった、すぐに戻る・・】スラックスを履く衣擦れの音とベルトのバックルがカチャカチャとなる金属音がして男性は帰りの身支度を始めた。,벨트의 버클이 카챠카챠 하는 금속음이 들렸다.,벨트 버클이 찰칵거리는 금속음이 들려오며 남자는 귀가 준비를 시작했다.
バッテリ,"배터리, 건전지",의성어,"문맥상 도청기와 라디오 카세트(라지카세)의 전원을 공급하기 위한 장치이므로, 한국어 소설 문체에서는 상황에 따라 '배터리' 혹은 '건전지'로 번역한다. 기계적인 느낌을 주는 '밧테리'라는 외래어 표기법을 그대로 따르기보다, 문장의 흐름에 맞춰 자연스러운 용어를 선택해야 한다.",妻のマンション近くの駐車場と契約をした。実家に置いたまま滅多に乗らない親父の軽トラックを１ヶ月だけ借りる事にして駐車場に留めた。２台の盗聴器と録音用のラジカセの電源用にバッテリも補強した。チェックに出向くのは早朝にした。夜半はかえって目立つし、万が一にも近くの住民から不審者とでも思われると厄介な事になると思ったからだ。夜は１０時までにベットに入り「朝早く」と言っても５時頃起き出してジャージに着替えてジョギング姿で新調したマウンテンバイクに乗って３㎞ほどの駐車場に盗聴器をチェックする生活が始まった。妻のホームページの更新のサイクルは遅いし過去の記載がほとんどなので目新しい記事はない。部屋の盗聴が最新の情報を得る手段なのだ。,두 대의 도청기와 녹음용 라지카세의 전원용으로 밧테리도 보강했다.,도청기 두 대와 녹음용 카세트테이프 레코더의 전원을 공급할 배터리 용량도 보강해 두었다.
ヒヤヒヤ,조마조마,의성어,"상황에 따라 '조마조마', '가슴이 두근두근', '식은땀이 날 정도로 불안한' 등의 표현으로 문맥에 맞게 의역해야 한다. 단순히 '히야히야'라고 음차하거나 기계적으로 번역하지 말고, 들킬까 봐 불안해하는 화자의 심리 상태를 소설적 문체로 자연스럽게 풀어내야 한다.",近くのキャッシュコーナーで引き出し電気街に走った。「電話の盗聴だけでなく部屋の盗聴もしたい」と思ったからで、電気街の盗聴器を売っている店で物色し店員に勧められるままに１０万円の盗聴器を購入した。この商品は優れ物で部屋に既に付いているコンセントと入れ替えるだけで１００ボルトの電源をそのまま使用して半径１００ｍ以上離れた場所までワイヤレスで盗聴した音声を送信できる物で送信機と専用の受信機のセットだった。急いで妻のマンションに戻り、辺りを慎重に確かめ部屋に入った。ソファベットに一番近い居間のコンセントを盗聴器と付け替え電話の近くに置いてあった時計を直ぐ近くに置いて部屋を出た。駐車してある自分の車に戻り受信機のスイッチを入れた。赤いランプが点灯して電波を受信していることを示した。時計の『カチッ、カチッ』と言う小さな音が鮮明に聞こえる。部屋に舞い戻り時計を元の電話機の側に戻して部屋を出た。何回も出入りして誰かに怪しまれないかとヒヤヒヤものだったが誰とも出会わずに終わった。これで部屋の様子はマンションの近くの駐車場に来れば手に取るように分かるはずだ。緊張が解れ疲労感に襲われそのまま家に帰った。,몇 번이나 드나들며 누군가에게 의심받지 않을까 히야히야하는 것이었다.,몇 번이나 드나들며 누군가에게 의심을 사지는 않을까 조마조마하며 가슴을 졸였다.
ジィージィー,징- 징-,의성어,"모터나 기계 장치가 돌아가며 발생하는 낮은 진동음이나 전기적인 소음을 나타낸다. 소설적 문맥에서는 단순히 소리를 묘사하기보다 '징- 하는 모터 소리'와 같이 소리의 성질을 함께 서술하거나, 상황의 긴장감을 높이기 위해 '징징거리는' 등의 표현으로 자연스럽게 의역하는 것이 좋다. '지이지지'와 같은 기계적인 직역은 피해야 한다.",女性は無言のまま観客に手招きをした。今度は私の左後の男性がステージに上がった。男性は妻の身体を手と後ろ髪を持って倒れないように持っている。女性はステージに上がった観客の男性に妻のアヌスから垂れ下がっている２本のチューブとコードの先のリモコンを渡し何か小声で耳打ちしている。男性がうなずくと浣腸液を注入したチューブを女性に手渡した。逆流を防ぐための洗濯バサミをもって妻の耳元で何ごとか囁いた。声が小さくて聞き取れなかったが【今から浣腸液だけ排泄させてあげる】と言ったのだろう。妻は観念しているのだろうか、疲労と排泄を耐える苦痛からかあまり表情を変えない。女性がチューブの先を水槽の中に入れて洗濯バサミを取り外した。腹圧に押されて腸内の浣腸液が流れ出した。初めは透明だった液が次第に茶～茶褐色と変化し徐々に勢いを無くして流れは途切れてしまった。すべてを排泄したとは到底思えない量だ。妻が苦しそうに唸っている。そうか「液状の物は出たが固形物つまり大便はプラグの穴を通過出来ずに詰まった状態」なのだ。女性が観客の男性にリモコンのスイッチを入れるように目で合図を送った。男性の手元にあるリモコンのスイッチを入ると同時に「ジィージィー」とモーターの音がして妻のアヌスに埋め込まれたプラグが振動を始めた。直腸内の振動は排泄感を促すのだろうか妻は切なそうに鼻で荒い息をしながら頻りに腰を振るわせ始めた。,스위치를 넣자마자 '지이지지' 하고 모터 소리가 났다.,스위치를 넣자마자 '징- 징-' 하는 모터 소리와 함께 아내의 항문에 박힌 플러그가 진동하기 시작했다.
ポタッポタッ,뚝뚝,의성어,"액체나 반고체 상태의 물질이 간헐적으로 떨어지는 소리나 모양을 나타낸다. 문맥상 대변이 수조 안으로 떨어지는 상황이므로, 소설적 허용을 더해 '뚝뚝' 혹은 '툭툭'과 같이 물체가 낙하하는 느낌을 살려 번역해야 한다. '포탓포탓'과 같은 일본어 발음 그대로의 직역은 피해야 한다.",暫くすると、チューブの中を半流動状の大便がゆっくりと直腸から送り込まれ移動しチューブの先から水槽の中にポタッポタッと落ちて行った。その流動便も出なくなって女性はリモコンを受け取ると男性を観客席に戻した。妻の直腸の中で排泄を待っている物はチューブを通過出来ない固形物だけになっている。最後の仕上げなのだろうか？観客に手招きをした。妻の猥褻で妖艶なショーに溜まらず私は腰を上げステージに上がった。女性は空気を送り込むポンプの付いたチューブを私に手渡すと今度はフロアの全員に聞こえる声で【プラグを抜いてあげるから、我慢していた物をすべてお尻から捻り出しなさい】と言うと私に先端の丸いツマミを刻印された矢印の方向にまわすように合図した。言われたとおりにツマミをまわすと少しずつ空気がノズルから抜けていった。,튜브 끝에서 수조 안으로 포탓포탓 떨어져 갔다.,튜브 끝에서 수조 안으로 뚝뚝 떨어져 내려갔다.
ウゥーウゥー,"으으, 으으...",의성어,"재갈(猿轡)이 물려 있어 발음이 제대로 나오지 않는 상태에서 내뱉는 신음이나 비명을 나타낸다. 단순히 소리를 묘사하는 것이 아니라, 말을 하지 못해 답답함과 애원이 섞인 억눌린 소리임을 고려하여 문맥에 따라 '으으...', '으으으...'와 같이 말줄임표를 활용해 소설적으로 처리해야 한다. 기계적으로 '우우'라고 직역하면 캐릭터의 절박함이 살지 않는다.",【今からこれをこの女のアヌスに挿入します】とでも言うかのように観客に見せた。先端の金具のツマミをまわして空気を抜くと妻の顔に近づけた。堅く瞼をつむっていた妻は何かが近付く気配に目を開き凍り付いたように凝視し不自由な上半身を揺らし拒み続けているが、その表情が扇情的に思える。これを使われるとどうなるかを身を持って知っているためだろう、女性と男性を交互に見つめながら止めるよう『ウゥーウゥー』と猿轡を施された口で哀願を繰り返している。女性はそんな妻の願いを聞き入ず後ろにまわり狙いを定めるようにプラグをアヌスに差し込んでいく・・・プラグがアヌスのすぼまりをこじ開けたのだろうか妻はうつむいて『ハァー』と唸った。涙が両方の目から溢れ滴となって床のゴムマットに落ちた。なおも女性はプラグを押し込んでいるのか左右に回転させているのか妻は両足をばたつかせて自分のアヌスを犯すプラグの感触に耐えているようだ。そしてチューブに付いている空気を送り込むゴムマリを押し潰した。空気の音が微かにした。直腸の中でプラグが空気で脹らんでいるのだろう、妻はただ『ウゥー』と唸るのが精一杯の状態だ。３回は繰り返しただろうか妻の直腸の中でプラグは充分に拡がり腸壁を刺激し漏れを防ぐ準備が出来たのだろう。女性はガラス製の注射器状の浣腸器でジョッキの中の液体を吸い上げると先端をもう１本のチューブの先に取り付けた。液体を充填した浣腸器を観客席の方に差し出した。【どなたかこの女性に注入してやって下さい】とでも言いたそうな差し出し方だった。,여성은 남성과 여성을 번갈아 보며 멈춰달라고 '우우'라고 재갈 물린 입으로 애원하고 있다.,"남성과 여성을 번갈아 바라보며 제발 멈춰달라는 듯, 재갈이 물린 입으로 '으으, 으으...' 하고 애처로운 신음을 내뱉고 있었다."
グシャグシャ,엉망진창,의성어,"액체(눈물, 침)나 오물 등으로 인해 형체가 흐트러지거나 상태가 매우 지저분해진 모습을 나타낸다. 소설적 문맥에서는 단순히 '엉망이다'라고 하기보다 '엉망진창이 되어 있었다', '엉망으로 얼룩져 있었다'와 같이 상태를 묘사하는 표현으로 의역하는 것이 자연스럽다. 기계적으로 '구샤구샤'라고 음차하지 않도록 주의한다.",極限まで我慢していた尿は最初チョロチョロ途切れ途切れの細い線だったが徐々に勢いを増し太い線となって透明なガラス容器の中に黄色い水溜まりをつくっていった。最後に２、３回に分けて放尿した妻は声を殺して泣いている。テッシュで妻の股間を拭うと男達は妻の目隠しと猿轡を外した。妻の顔は涙と唾液でグシャグシャになっている。男は白いタオルのようなもので妻の顔を綺麗に拭い化粧をしていない素顔をカメラにさらけ出している。その顔は憔悴仕切った疲れ果てた表情だ。「どうだ俺の指の味は？イキそうになったか？」と問いかけるが妻は躰を堅くしたまま応えない。もう一度男が「俺の指を締め付けていたじゃないか。気持ちよかったんだろう？尻の穴でも感じるようになったか？」「どうなんだ！」と強い口調で問いただすと微かな声で「はい・・」と妻が答えた。「もっと大きな声で、聞こえないぞ！」「はい・・・気持ちよかったです」、「何処が気持ちよかったんだ？」「お尻です・・」、「お尻の何処だ？」「お尻の穴です」、「最後までイケなかっただろう、今度はイカしてやるかな」と言うと男達は目で合図をし合い妻の尿が入ったガラス容器を片付け周囲に飛び散った尿末を拭き去り黒い革製シートを広げその上に妻を立たせた。,아내의 얼굴은 눈물과 타액으로 구샤구샤하게 되어 있다.,아내의 얼굴은 눈물과 침으로 엉망진창이 되어 있었다.
ピシャピシャ,찰싹찰싹,의성어,"피부에 손바닥이 닿을 때 나는 경쾌하거나 혹은 자극적인 마찰음을 나타낸다. 소설적 문맥에서는 단순히 소리를 묘사하기보다 '찰싹찰싹 때리다', '찰싹거리는 소리가 나다'와 같이 동작과 결합하여 자연스러운 동사형으로 의역하는 것이 좋다. '피샤피샤'라는 식의 일본어 발음 그대로의 직역은 피해야 한다.",由美はそう言うと、アヌス嬲りをねだって自分でピシャピシャ尻をたたく。,유미는 그렇게 말하며 아누스 농락을 졸랐고 스스로 피샤피샤 엉덩이를 때린다.,"유미는 그렇게 말하며 아누스 농락을 졸라대더니, 직접 자신의 엉덩이를 찰싹찰싹 때렸다."
ウムウム,끙끙,의성어,"고통이나 신음 소리를 나타내는 의성어로, 문맥상 숨이 넘어갈 듯한 상태에서 내뱉는 낮은 신음을 의미한다. 한국어 소설 문체에서는 '움움'과 같은 기계적 직역 대신, 상황의 처절함을 살려 '끙끙거리다', '앓는 소리를 내다' 혹은 '신음할 뿐이었다'와 같이 자연스럽게 의역하는 것이 좋다.",息も絶え絶えに哀願する。しかし、そのか細い声もやがてとぎれてウムウム呻くばかりになった。セミロングの髪は乱れきり、脂汗のにじんでいる顔は死人のような蒼白な色になり、疲労のために意識はいっそう混濁した。そしてそのまま女教師は暗い奈落へ堕ちて行った。失神したのだ。,그 가느다란 목소리도 이윽고 끊겨 움움 신음할 뿐이 되었다.,"그 가느다란 목소리도 이윽고 끊기더니, 그저 끙끙거리는 신음만이 남았을 뿐이었다."
キチキチ,"꽉 끼는, 빽빽한, 조이는",의성어,"공간이나 물체가 빈틈없이 아주 꽉 차 있거나, 압박감이 느껴질 정도로 조여드는 상태를 나타낸다. 문맥에 따라 '빈틈없이 꽉 끼어 있다' 혹은 '조여온다'는 느낌을 살려 상황에 맞게 의역해야 한다. 단순히 소리나 상태를 나열하기보다 인물의 대사 흐름에 맞춰 '꽉 조인다' 혹은 '빽빽하다' 등의 표현을 사용하는 것이 자연스럽다.",「よく締まってキチキチしてるぜ」,「잘 조여져서 키치키치하구만」,「아주 꽉 조여서 빈틈이 없구먼」
キッチリ,"빈틈없이, 꽉, 야무지게",의성어,"물리적인 상태가 흐트러짐 없이 조여져 있거나, 빈 공간 없이 딱 들어맞는 모양을 나타낸다. 문맥에 따라 '빈틈없이 조여져 있다' 혹은 '꽉 물려 있다' 등으로 의역하여 대상의 상태를 생생하게 묘사해야 한다. 단순히 '정확히'라고 직역하기보다 상황의 밀도나 압박감을 살리는 것이 중요하다.",「子供みたいにキッチリ締まってるなァ」,「아이처럼 키치리 조여져 있네.」,「아이처럼 빈틈없이 꽉 조여져 있군.」
スベスベ,"매끄러운, 보들보들한",의성어,"피부의 결이 거칠지 않고 부드럽고 매끈한 상태를 나타낸다. 소설적 문맥에서는 단순히 '매끄럽다'라고 하기보다, 촉감을 강조하여 '매끄러운 살결', '보들보들한 감촉' 등으로 의역하여 피부의 질감을 생생하게 전달하는 것이 자연스럽다.",治が無遠慮に尻を撫でる。冷たい、スベスベとした肌ざわりだ。自由になった手で雪乃は尻に這いまわる手を払いのけると、くず折れるようにふたたび仰臥した。,차갑고 스베스베한 피부 감촉이다.,차갑고 매끄러운 살결이 느껴졌다.
ザワザワ,우거진,의성어,"본래 '자와자와'는 바람에 풀이 흔들리는 소리나 마음이 술렁이는 모양을 뜻하지만, 여기서는 정글처럼 무성하게 자라난 체모의 상태를 시각적/촉각적으로 묘사하고 있다. '자와자와한 털뭉치'라고 직역하기보다는, 문맥상 '우거진 숲'이나 '무성하게 돋아난' 등의 표현을 사용하여 털이 밀집해 있는 상태를 자연스럽게 의역해야 한다.",治はつぶやき、そのジャングルのザワザワとした毛むらを掻きわけて陰裂を曝く。肉の厚い淡紫色の色あいの大陰唇が現われ、縦に長くクレバスが裂けている。治は、自分で自分をけしかけるように「いくところまでいけだ」と言って肉厚の大陰唇をめくりあげる。,오사무는 중얼거리며 그 정글의 자와자와한 털뭉치를 헤치고 음렬을 드러냈다.,오사무는 중얼거리며 그 정글처럼 우거진 체모를 헤치고 음렬을 드러냈다.
モミモミ,"조물조물, 주물주물, 지그시 문지르며",의성어,"손가락 끝이나 손바닥을 이용해 부드럽게 혹은 힘을 주어 누르며 만지는 모양을 나타낸다. 소설적 문맥에서는 단순히 동작을 나열하기보다 '지그시 문지르다', '조물거리다'와 같이 촉감이 느껴지는 동사형으로 의역하는 것이 자연스럽다. 기계적으로 '모미모미'라고 음차하지 않는다.",治は手を差しのべてママの熟れた媚肉を嬲る。大陰唇の周辺を大まかに撫でまわした指が陰核を剥いて引っぱり出し、二つの指で挾みつけ、親指の腹でモミモミする。,엄지 끝으로 모미모미한다.,엄지 끝으로 조물조물 문질렀다.
ケチケチ,치사하게,의성어,"상대방이 인색하게 굴거나 너그럽지 못하게 행동할 때 사용하는 표현이다. 문맥상 굳이 따라오지 못하게 막는 오지(治)의 태도를 두고 히데오(秀夫)가 투정을 부리는 상황이므로, '치사하게', '인색하게', '쪼졸하게' 등으로 의역하는 것이 자연스럽다. 단순히 '케치케치'라고 음차하거나 '아끼다'라는 사전적 의미로만 해석하면 문학적 맛이 살지 않는다.",授業がぜんぶ終ると、秀夫は治のあとにひっついて塾の門を出た。このまま離れず治の家までついて行く気だ。治は怒った声で追い返そうとする。ケチケチするなと秀夫がごねるように言うと、治は声を震わせて、,케치케치 굴지 마라고 히데오는 고집을 피웠다.,치사하게 굴지 말라며 히데오가 떼를 쓰듯 말했다.
ムッチリ,탱글탱글하게,의성어,"살집이 적당히 올라 탄력 있고 풍만함을 나타내는 표현이다. 소설적 문맥에서는 단순히 '살이 쪘다'는 느낌보다는, 여성의 신체 부위가 가진 육감적이고 탄력 있는 질감을 살려 '탱글탱글하게', '포동포동하게', 혹은 '살집이 탐스럽게' 등으로 의역하는 것이 자연스럽다. '무치리'와 같은 일본어 발음을 그대로 옮기는 것은 피해야 한다.",秀夫は、気品のある美しい母・由美が西形岳光から肛門まで犯されていることを胸の奥で想いながら佐倉裕子の尻を愛撫する。脂肪がムッチリとのり、柔らかいが引き締まっている熟女の尻を、十七歳の少年が奇妙な落ち着きと余裕をもって撫でまわしたり、ぎゅっと臀肉をつかんだりしてもてあそび、割れめを拡げて肛門までも眺める。男根を呑み込んでいる女陰の裂けめの末端にある薄茶色の小さな肉穴のくぼみがいかにもつつましく処女花の風情をたたえている。秀夫の指がそこを刷くように触れる。裕子は「嫌っ」と怒ったようなきつい声で言い、反射的に秀夫は指を引いた。裕子はそのままキューッと尻肉をすぼめて肛門を隠してしまう。ぴしっと拒まれた秀夫は自分の中にあるおぞましい情欲のたぎりの深さを強く意識した。すると、自分のアヌスが痒くなり、あの天狗の巨鼻で責められた異様な感覚がよみがえってくる感じがある。一瞬暗い羞恥の火が彼の胸の中で燃え立ち、指は裕子の肉膣から敏感そうに突き出しているクリトリスをいびりだしたが、その肉豆の手ざわりから母を想い、秀夫は切なくなってくるのだった。彼は、裕子のしなやかな白い腰を両手で軽くつかみ、前後に抜き差ししだした。,지방이 무치리 올라와 있는 숙녀의 엉덩이를...,"살집이 탱글탱글하게 오른, 부드러우면서도 탄력 있는 숙녀의 엉덩이를..."
カサカサ,푸석푸석,의성어,"수분이 없어 건조하고 거친 질감을 나타내는 표현이다. 문맥상 애액이 부족하여 점막이 마른 상태를 묘사하므로, 단순히 소리나 촉감만을 전달하는 '바스락바스락'보다는 피부나 점막의 건조함을 강조하는 '푸석푸석' 혹은 '메마른' 느낌으로 의역하는 것이 소설적 흐름에 자연스럽다.",心もち由美は腰を持ち上げ、小さめのそのくりくりとした肉芽を十分にいびらせる。だが、そこも結合している膣肉も殆ど乾いていて陰裂がカサカサしている感じた。そんな潤みのない部分をいびらせつつ、由美は腰を回転させて肉柱を刺激する。すると、秀夫はふいに両手で母親の臀を抱え、その回転運動をパワーアップさせる。,음열이 카사카사한 느낌이 들었다.,질 입구가 메마른 듯 푸석푸석한 느낌이 들었다.
ポックリ,"갑자기, 툭, 허망하게",의성어,"사람이 죽는 모양을 나타내는 의태어로, 주로 예고 없이 갑작스럽게 혹은 허무하게 죽음을 맞이했을 때 사용된다. 소설적 문맥에서는 단순히 '갑자기'라고 하기보다, 삶의 허무함이나 갑작스러운 상실감을 드러낼 수 있도록 '툭 하고', '허망하게' 등으로 상황에 맞춰 의역하는 것이 자연스럽다.",「小さくて、ツンと尖っていて、可愛らしいんだね、ここ……ポックリ死んだパパも生きてた頃は、このクリトリスが気に入ってよくいらってたんだろうね」,포쿠리 죽은 아빠도 살아있을 때는...,툭 하고 허망하게 죽은 아빠도 살아있을 때는...
カッチリ,"딱, 똑바로",의성어,시선이 피하지 않고 강렬하게 마주치는 상태를 나타낸다. 한국어 소설 문맥에서는 '눈과 눈이 딱 마주쳤다' 혹은 '시선이 똑바로 맞물렸다'와 같이 상황의 긴장감을 살려 의역하는 것이 자연스럽다. '깍지 끼듯'이라는 물리적 의미보다는 시선의 강한 결합을 표현해야 한다.,息子の手を由美は上から押さえた。眼と眼がカッチリと合った。由美の頬が紅く燃える。,눈과 눈이 카ッチリ 맞았다.,눈과 눈이 딱 마주쳤다.
ブンブン,윙윙,의성어,"곤충이 날아다니는 소리를 나타내는 의성어로, 한국어 소설 문맥에서는 '윙윙거리는 벌레들' 혹은 '윙윙대며 날아다니는'과 같이 동사나 형용사 형태로 자연스럽게 풀어쓰는 것이 좋다. 단순히 '붕붕'이라고 하기보다는 곤충의 날갯짓 소리에 맞춰 '윙윙'으로 번역하는 것이 문학적으로 더 적절하다.",部屋は八畳の茶の間で冷房はしていない。網戸をはめている窓からわずかに風が吹き入ってくる。網戸の外側は羽虫や蛾やかなブンブンなどの昆虫がむらがっている。その窓の外は地つづきに小高い山が迫っており、その山中に寺は墓地を有している。かなり広大なその墓域の一画に浅羽家の墓所もあるのだ。四年前に不幸にも急性心不全で急死した由美の夫、秀夫の父である浅羽英信の遺骨がその墓に納まっている。,방충망 밖에는 벌레와 붕붕 같은 곤충들이 무리 지어 있다.,"방충망 밖에는 날벌레나 나방, 그리고 윙윙거리는 곤충들이 무리 지어 날아다니고 있었다."
ズキズキ,"욱신욱신, 욱신거리는",의성어,"상처 부위가 박동하듯 아픈 통증을 나타내는 표현이다. 소설적 문맥에서는 단순히 '욱신욱신'이라는 부사로 쓰기보다, '욱신거리며', '욱신욱신 쑤시다'와 같이 통증의 양상을 묘사하는 형용사나 동사 형태로 의역하여 고통의 깊이를 전달하는 것이 자연스럽다.",秀夫がねだっているその声が、うずくまっている由美の耳には遠くうつろにひびく。由美が感覚しているのはペニスでえぐられた肛門の痛みだけだ。大きく裂けているような無気味な感じがあり、ズキズキと疼く。,"크게 찢어진 것 같은 기분 좋은 느낌이 있고, 즈키즈키하고 쑤신다.","마치 크게 찢겨 나간 듯한 섬뜩한 감각과 함께, 상처 부위가 욱신욱신 거세게 쑤셔 왔다."
ギラギラ,"번쩍번쩍, 이글이글, 눈부시게",의성어,"빛이 매우 강렬하게 내리쬐거나 눈을 제대로 뜨기 힘들 정도로 번뜩이는 상태를 나타낸다. 본 문맥에서는 주인공의 머릿속이 통제할 수 없는 성적 욕망과 광기로 인해 마치 강렬한 백열등이 타오르는 듯한 압도적인 시각적 이미지를 전달해야 하므로, 단순히 빛나는 것이 아니라 정신을 어지럽히는 강렬함을 담아 '번쩍거리는', '이글거리는' 등으로 의역하는 것이 자연스럽다.",秀夫はまた勃起してきた。そんな自分が正気なのか狂気なのか、自分自身わからない。ただもう頭の中に性が氾濫している。毒薬が氾濫している。頭の中がギラギラとした白熱光でいっぱいだった。,머릿속이 기라기라한 백열광으로 가득했다.,머릿속은 이글거리는 백열광으로 가득 차 있었다.
ズタズタ,너덜너덜,의성어,"물건이나 신체가 갈기갈기 찢겨 형체를 알아보기 힘들 정도의 상태를 나타낸다. 문맥상 점막이 심하게 손상되는 고통스러운 상황이므로, 단순히 '조각조각'이라고 하기보다는 '너덜너덜해지다', '갈기갈기 찢기다'와 같이 파괴적인 느낌을 살려 소설적으로 의역하는 것이 자연스럽다.",アナル・セックスの経験が全くない肛門と直腸を由美は深いところまでペニスで突き上げられ、粘膜がズタズタに引き裂かれ肉片が肛門外に引きずり出されるような衝撃を覚えた。,점막이 즈타즈타하게 찢겨 나가는 충격을 느꼈다.,점막이 너덜너덜하게 찢겨 나가는 듯한 충격을 느꼈다.
クリクリ,"동글동글한, 탱글탱글한",의성어,"작고 둥근 물체가 도드라져 보이거나 탄력 있는 모양을 나타내는 표현이다. 문맥상 성기 부위의 돌출된 부분을 묘사하고 있으므로, 단순히 모양만을 뜻하는 '동글동글'보다는 촉감과 시각적 이미지를 동시에 전달할 수 있는 '탱글탱글한' 혹은 '앙증맞게 솟은' 등의 표현으로 의역하여 관능적인 분위기를 살려야 한다.",「こってり嬲れ」と岳光に命ぜられて、息子は母の女肉を唇と舌で責めている。はじめ彼は人差し指で肉厚な大陰唇を撫でた。ゆっくりと何度も撫でた。そして人差し指と中指で剥き出しの唇を開くと、中心部にある小陰唇へ舌先を差し入れ、濡れて光る柔らかな肉襞を下から上へと舐め上げだした。上端に突起している陰核も舌で刺激している。クリクリとした弾力のある肉豆を吸ったり、舌先でこねくりまわしたりする。めくれている肉襞を軽く噛んだり、粘膜に舌をそよがせたりもする。かと思うと強烈に肉豆を押しつぶすようにして責めあげる。,"크리크리한 탄력 있는 육두를 빨거나, 혀끝으로 주무르기도 한다.","탱글탱글하고 탄력 있는 돌기를 빨아들이거나, 혀끝으로 이리저리 굴리며 괴롭혔다."
トクトク,"졸졸, 쪼르르",의성어,"액체가 끊이지 않고 일정하게 흐르는 소리를 나타낸다. 문맥상 술을 붓는 행위이므로, 소설적 허용을 더해 액체의 움직임이 느껴지도록 '졸졸' 혹은 '쪼르르'로 번역하며, 상황에 따라 '술을 졸졸 따랐다'와 같이 자연스럽게 서술해야 한다. 단순히 소리만 옮기는 것이 아니라 동작의 느낌을 살리는 것이 중요하다.",顔をもたげて岳光は、いやらしい唇でそう言うと、折り曲げていた全裸の女体をもとにもどし、両のふくらはぎを密着させ、ぴったり閉じた股間の三角状のくぼみにトクトクと酒をそそぐ。由美の股間は酒の湖となり、陰毛の藻がしっとりと黒くたゆたう。そのさまを若布になぞらえてワカメ酒というのだ。青々と剃り上げている巨きな坊主頭を沈めて、西形岳光は味わいつつゆっくりとワカメ酒を吸い上げると、ぐっしょり濡れている陰毛を陰核にかませたりして嬲っていたが、やおらまた由美の三角地帯を酒の湖にして「来い」と秀夫に叫んだ。,삼각형의 구부진 곳에 토토쿠토 술을 붓는다.,삼각형 모양으로 움푹한 가랑이 사이로 술을 졸졸 부었다.
グビリグビリ,벌컥벌컥,의성어,액체를 한꺼번에 많이 들이켜는 소리나 모양을 나타낸다. 소설적 문맥에서는 술을 급하게 혹은 거칠게 마시는 동작을 생생하게 전달하기 위해 '벌컥벌컥' 또는 '꿀꺽꿀꺽' 등으로 의역하는 것이 자연스럽다. 일본어 발음을 그대로 옮긴 '구비리구비'와 같은 직역은 피해야 한다.,四年前に夫を亡くし未亡人の境遇にある浅羽由美を、亡夫の祥月命日の日、彼女の家の仏間の燈明を上げた仏壇の前で押し倒して首を絞めて気絶させ、強姦した菩提寺の住職西形岳光は、〈南無大師遍照金剛〉と書かれた掛軸に尻を向けて座り、グビリグビリと茶碗酒を飲みながら、今昔物語集の中にある母牛がわが子を守るためにわが子を食はむとて付きまとう狼を突き殺したという譚をなんとなく頭に浮かべている。それはじきに念頭から消えたが、何かしらどうも酒がまずい。,"그는 구비리구비 차완주를 마시며, 고대의 이야기를 떠올렸다.","그는 벌컥벌컥 사발에 담긴 술을 들이켜며, 금석물어집에 나오는 이야기를 막연히 떠올리고 있었다."
ゴロゴロ,우르릉,의성어,천둥이나 번개가 치는 소리를 나타내는 의성어다. 한국어 소설 문맥에서는 단순히 소리 자체를 묘사하기보다 '우르릉거리는 천둥소리'나 '우르릉대며 울리는 천둥'처럼 동사적 표현과 결합하여 자연스럽게 의역하는 것이 좋다. 기계적으로 '고로고로'라고 음차하지 않도록 주의한다.,やがて、岳光は素っ裸になって裏庭に下りた。釣瓶井戸の冷たい真清水を汲み上げて、ザブリザブリと頭からかぶる。女房が失踪して以来、寺の内部も荒れているが、境内もまた草ぼうぼうの荒れようである。井戸のまわりも雑草が丈高に生い茂っていて、その青い草の色を稲光りが照らし出す。どんより暗い空の奥で、ゴロゴロと雷が鳴る。時刻は午後五時前後だが、重い暮色のような暗さだ。,어두운 하늘 속에서 고로고로 하고 천둥이 울린다.,침침한 하늘 저편에서 우르릉거리며 천둥이 울려 퍼졌다.
ザブリザブリ,"쏴아아, 퍽퍽, 촤악촤악",의성어,"물속에 몸을 세게 담그거나 물을 머리 위로 거칠게 끼얹는 소리를 나타낸다. 소설적 문맥에서는 단순히 소리 자체를 묘사하기보다, 차가운 우물물을 머리부터 뒤집어쓰는 동작의 역동성과 물의 질감을 살려 '쏴아아 하고 끼얹다' 혹은 '물을 끼얹으며'와 같이 동작 중심으로 자연스럽게 의역하는 것이 좋다.",やがて、岳光は素っ裸になって裏庭に下りた。釣瓶井戸の冷たい真清水を汲み上げて、ザブリザブリと頭からかぶる。女房が失踪して以来、寺の内部も荒れているが、境内もまた草ぼうぼうの荒れようである。井戸のまわりも雑草が丈高に生い茂っていて、その青い草の色を稲光りが照らし出す。どんより暗い空の奥で、ゴロゴロと雷が鳴る。時刻は午後五時前後だが、重い暮色のような暗さだ。,우물물을 자브리자브리 머리부터 뒤집어썼다.,우물에서 길어 올린 차가운 물을 머리 위로 쏴아아 끼얹었다.
ジットリ,"눅눅하게, 끈적하게, 눅진하게",의성어,"습기가 가득 차서 몸이나 공기가 무겁고 불쾌하게 달라붙는 상태를 나타낸다. 문맥상 장마철의 습한 기운이 지속되어 불쾌지수가 높아지는 상황이므로, 단순히 '축축하다'는 표현보다는 공기나 피부에 느껴지는 불쾌한 질감을 살려 '눅눅하게' 혹은 '끈적하게' 등으로 의역하는 것이 소설적 흐름에 자연스럽다.",まずいのはこのじめじめとした蒸し暑さのせいだろう。梅雨の末期、このところ毎日大雨が降る。土砂降りの最中はいくらか涼気が立つが、豪雨が去り、じとじとと長ったらしく小雨が降りつづくとジットリ蒸して、やりきれない。さりとて冷房のある茶の間にこもっているのも病人じゃあるまいしあまりいいものではない。そもそも岳光はエアコンの冷暖房が質的に嫌いだ。それで、縁側を開け放って書院に座って飲んでいるのだ。,폭우가 지나가고 지토리하게 계속 비가 내리면 지토리하게 쪄서 견딜 수 없다.,"폭우가 지나간 뒤 눅눅하게 긴 비가 계속 이어지면, 공기는 끈적하게 달아올라 견딜 수가 없다."
バシッバシッ,"찰싹찰싹, 짝짝",의성어,손바닥으로 얼굴을 세게 때리는 타격음을 나타낸다. 소설적 문맥에서는 단순히 소리를 묘사하기보다 '찰싹찰싹 따귀를 때리다' 혹은 '짝짝 소리가 나도록 내리치다'와 같이 동작과 결합하여 자연스럽게 의역해야 한다. '바싯바싯' 같은 기계적 직역은 피해야 한다.,「世話を焼かすのォ、この阿魔」岳光は舌うちして、由美の髪をつかみバシッバシッと往復ビンタを浴びせる。,타케미츠는 혀를 차며 유미의 머리카락을 잡고 바싯바싯 왕복 뺨 때리기를 퍼부었다.,"타케미츠는 혀를 차며 유미의 머리카락을 움켜쥐고는, 찰싹찰싹 소리가 나도록 양 볼을 번갈아 가며 후려쳤다."
ネトネト,"끈적끈적하게, 걸쭉하게, 질척하게",의성어,"점성이 있는 액체가 묻어 있어 달라붙거나 엉겨 붙는 모양을 나타낸다. 문맥상 점액질이 섞여 있는 상태이므로, 단순히 '끈적하다'는 표현보다는 액체의 농도와 질감을 살려 '끈적끈적하게 젖어' 혹은 '걸쭉한 액체에 뒤섞여'와 같이 소설적인 묘사로 의역하는 것이 자연스럽다.",バスト九十はありそうな浅羽由美の豊満な円錐型の乳房は、頂点の乳首とそして乳暈が紅色をふくんでいていちごを連想させる。その赤いいちごが、よどんだ白いミルク状の粘液でネトネト濡れて光っている。,그 빨간 딸기가 탁한 흰 우유 상태의 점액으로 네토네토 젖어 빛나고 있다.,그 붉은 딸기가 탁한 우윳빛 점액으로 끈적하게 젖어 번들거리고 있었다.
バタバタ,버둥버둥,의성어,"다리나 팔을 격렬하게 움직이는 모양을 나타낸다. 문맥상 저항하며 발을 휘두르는 상황이므로, 단순히 '바타바타'를 직역하기보다 인물의 저항감이 느껴지도록 '버둥버둥' 혹은 '허우적' 등으로 의역하여 소설적인 생동감을 살려야 한다.",「やめて、お願いです!」桐子は足をバタバタするが、力負けして開いたままにされた。,"키리코는 발을 바타바타 했지만, 힘에 밀려 벌어진 채로 남겨졌다.","“그만둬요, 제발!” 키리코는 발을 버둥거려 보았지만, 힘에 밀려 다리는 벌어진 채 그대로 방치되었다."
ヒタヒタ,질척질척,의성어,"액체가 섞인 상태에서 무언가 마찰하거나 움직일 때 나는 젖은 소리를 나타낸다. 문맥상 격렬한 움직임과 함께 액체가 튀거나 스치는 상황이므로, 단순히 소리를 묘사하기보다 '질척질척', '질퍽질퍽' 등 한국어 소설에서 흔히 쓰이는 의태어를 사용하여 동작의 농밀함을 살려 의역해야 한다.",しごく手の動きが猛烈に速くなると、ボールをくるんだ袋までがヒタヒタと音をたてた。,"손의 움직임이 맹렬하게 빨라지자, 볼을 감싼 주머니까지 히타히타 소리를 냈다.","손놀림이 맹렬할 정도로 빨라지자, 공을 감싸고 있는 주머니마저 질척질척 소리를 내기 시작했다."
ゲエゲエ,"구역질하며, 웩웩",의성어,"구토할 때 나는 거친 소리를 나타내는 의성어다. 소설적 문맥에서는 단순히 소리 자체를 옮기기보다 '웩웩거리며', '구역질을 하며'와 같이 동작과 결합하여 서술하거나, 구토의 고통스러운 상태를 묘사하는 표현으로 의역하는 것이 자연스럽다. '게에게'와 같은 기계적 직역은 피해야 한다.",急に吐き気を催した慎吾は、ふらつきながらトイレに向かった。立っていられず、座りこんでゲエゲエと吐いた。完全に目がまわっていた。それでますます気分が悪くなった。,서 있을 수 없어 주저앉아 게에게하고 토했다.,서 있을 힘도 없어 주저앉은 채 웩웩거리며 구토를 해댔다.
ヌチャヌチャ,질척질척,의성어,"액체가 섞인 신체 부위의 마찰음을 나타내는 표현이다. 소설적 문맥에서는 단순히 소리를 묘사하는 것을 넘어, 액체의 점도와 마찰의 농밀함을 전달해야 하므로 '질척질척', '질척이는' 등의 표현을 사용하여 상황의 관능미를 살려 의역하는 것이 자연스럽다.",右手中指の抜き差しが活発になると、愛液がかもしだすヌチャヌチャ、ベチョベチョという摩擦によって生じる淫らな音も大きくなり、それに琴江の唸るようなよがり声が重なる頃には、病室に拡散する性臭は、ますます濃厚になっていった。,"오른손 중지의 삽입이 활발해지자, 애액이 흘리는 누챠누챠, 베쵸베쵸라는 마찰에 의해 생기는 음란한 소리도 커졌다.","오른손 중지의 움직임이 격렬해질수록, 애액이 배어 나와 질척질척, 철벅철벅거리는 마찰음 섞인 음란한 소리도 커져 갔다."
ベチョベチョ,"질척질척, 철퍽철퍽",의성어,"액체가 과도하게 묻어 있어 무겁고 끈적하게 마찰되는 소리를 나타낸다. 소설적 문맥에서는 단순히 소리 자체를 묘사하기보다 '질척이는 소리', '철퍽거리는 소리'와 같이 형용사나 동사 형태로 의역하여 성적인 분위기와 액체의 점도를 생생하게 전달해야 한다.",右手中指の抜き差しが活発になると、愛液がかもしだすヌチャヌチャ、ベチョベチョという摩擦によって生じる淫らな音も大きくなり、それに琴江の唸るようなよがり声が重なる頃には、病室に拡散する性臭は、ますます濃厚になっていった。,"애액이 흘러나오는 베쵸베쵸한 마찰음도 커지고,","애액이 배어 나와 질척질척, 철퍽거리는 외설적인 마찰음도 커지고,"
ノロノロ,"느릿느릿, 꾸물꾸물",의성어,"움직임이 매우 느리고 답답하거나 미련이 남은 듯한 모양을 나타낸다. 여기서는 주인공이 도취 상태에서 깨어나지 못해 몸을 제대로 가누지 못하거나 의욕 없이 움직이는 상황이므로, 문맥에 따라 '느릿느릿' 혹은 벌레가 기어가는 듯한 느낌을 주는 '꾸물꾸물'로 의역하여 인물의 상태를 묘사하는 것이 자연스럽다.",琴江はまだ陶酔からさめきっていないのか、芋虫のようにノロノロと従った。,"코토에는 아직 도취에서 깨어나지 않았는지, 애벌레처럼 노로노로 따랐다.","코토에는 아직 도취에서 깨어나지 못한 것인지, 애벌레처럼 느릿느릿 뒤를 따랐다."
クイックイッ,"질척이며 빠르게, 퍽퍽, 찔러대며",의성어,성적인 행위 중 골반을 앞뒤로 빠르게 움직이는 동작을 나타내는 의태어다. 한국어 소설 문맥에서는 단순히 소리를 묘사하기보다 '질척이며 빠르게 움직이다' 혹은 '격렬하게 찔러대다'와 같이 동작의 속도감과 질감을 살려 의역하는 것이 자연스럽다. 기계적으로 '퀴크잇'이라고 음차하지 않도록 주의한다.,左脚の痛みを堪えながら、慎吾は矢継ぎ早に腰をクイックイッとせりあげて、クリトリスを中心としたヴァギナに刺激を送りこんだ。,신고는 허리를 퀴크잇 하고 밀어 올렸다.,"신고는 왼쪽 다리의 통증을 참아가며 허리를 격렬하게 찔러 올렸고, 클리토리스를 중심으로 한 질 내부로 자극을 몰아넣었다."
ツヤツヤ,번들번들,의성어,"표면이 기름기나 액체로 인해 매끄럽고 윤기가 나는 상태를 나타낸다. 문맥상 성기의 끝부분이 액체로 인해 빛나는 관능적인 상황이므로, 단순히 '반짝반짝'과 같은 무생물적 느낌보다는 피부의 질감이 강조되는 '번들번들' 혹은 '매끈하게 빛나는' 등의 표현으로 의역하는 것이 소설적 몰입감을 높인다.",またたく間に表皮が薄く張って無数の血管が浮きだし、ツヤツヤと輝く亀頭先端が、表皮の先を押しのけて頭を出していた。しかもその最先端の切れ口からは、少年の欲望の強さを象徴する透明液が滲みだし、一部は表皮を伝わって恥毛のなかに染みこんでいた。,"무수히 많은 혈관이 떠오르고, 츠야츠야하게 빛나는 귀두 끝이 표피를 밀어내고 있었다.","무수한 혈관이 불거져 나왔고, 번들거리며 빛을 내는 귀두 끝이 표피를 밀어내며 머리를 내밀고 있었다."
クシャクシャ,"구겨져서, 구기듯, 엉망으로",의성어,"종이나 천 등을 힘을 주어 마구 구기는 모양을 나타낸다. 소설적 문맥에서는 단순히 '구겨진 상태'를 넘어, 인물의 격앙된 감정이나 초조함이 드러나도록 '구겨버린 채', '구겨서'와 같이 동작이나 상태를 자연스럽게 묘사해야 한다. 기계적으로 '쿠샤쿠샤하게'라고 음차하지 않도록 주의한다.",口のなかで、悲鳴にならない悲鳴があがった。早紀子は手にしたものを、クシャクシャに丸めて出ていきかけた。,사키코는 손에 든 것을 쿠샤쿠샤하게 말아서 나가려 했다.,사키코는 손에 쥐고 있던 것을 구겨버린 채 밖으로 나가려 했다.
キュッキュッ,조여드는,의성어,"좁은 공간이나 신체 부위가 강하게 압박되거나 마찰될 때 나는 소리를 나타낸다. 소설적 문맥에서는 소리 자체를 묘사하기보다 '조여들다', '꽉 조이다'와 같이 상태나 움직임을 나타내는 동사로 의역하여 육체적인 긴장감을 살리는 것이 자연스럽다. 단순히 '큐큐'와 같은 의성어로 직역하는 것은 피해야 한다.",しゃべっている加奈も、自分の言葉に刺激を受けたのだろう。しゃべっている途中に、何度も肉路が小気味よくキュッキュッと締まった。,"말하는 도중에, 몇 번이고 육로가 기분 좋게 큐큐 하고 조여졌다.","말을 이어가던 도중에도, 몇 번이고 육로가 기분 좋게 꽉 조여들었다."
ペラペラ,"쉴 새 없이, 조잘조잘, 술술",의성어,"말을 막힘없이 계속하는 모양을 나타낸다. 문맥상 가나(加奈)가 의도적으로 말을 많이 한 것이 아니라, 쾌감으로 인해 경계심이 풀린 상태에서 자연스럽게 말이 흘러나오는 상황이므로, 단순히 '말을 많이 하다'라는 의미를 넘어 '술술 불다' 혹은 '조잘거리다'와 같이 상황의 분위기에 맞게 의역해야 한다. 기계적으로 '페라페라'라고 음차하거나 '매끄럽게'라고 직역하는 것은 피해야 한다.",加奈はペラペラとしゃべったわけではない。おそらく快感が強烈だったので、過去を話すことに抵抗がなかったものと見える。かすかに腰を動かしながら、夢見るようにしゃべったのである。,가나는 페라페라와 말했다.,가나가 쉴 새 없이 떠들어댄 것은 아니었다.
ピチャピチャ,질척질척,의성어,"액체가 튀거나 젖은 표면이 맞닿을 때 나는 소리를 나타낸다. 본 문맥에서는 여성의 애액으로 인해 발생하는 성적인 마찰음을 묘사하므로, 단순히 소리를 흉내 내는 것이 아니라 '질척이는', '질척질척거리는' 등 액체의 점성과 움직임이 느껴지는 한국어 표현으로 의역하여 관능적인 분위기를 살려야 한다.",穏やかな時間がゆっくり流れていった。狭いアパートの部屋には、淫猥な空気が充満した。聞こえてくるのは、いかにも心地よさそうな加奈の喘ぎ声だけだった。そして、いつしかそれにピチャピチャという女性の愛液湧出ゆえの摩擦音が加わり、いっそう卑猥さを増していった。,"언제부턴가 거기에 피차피차라는 여성의 애액 유출로 인한 마찰음이 더해져, 더욱 비속함을 더해갔다.","언제부턴가 그 소리에 애액이 섞여 질척거리는 마찰음이 더해지며, 분위기는 한층 더 음란하게 달아올랐다."
スッポリ,"쑥, 푹, 통째로",의성어,"구멍이나 빈 공간에 물건이 빈틈없이 깊숙이 들어가는 모양을 나타낸다. 여기서는 입술이 귀두의 굴곡 부분까지 완전히 덮어버리는 상황이므로, 단순히 '덮었다'라고 하기보다 '쑥 머금었다'나 '통째로 삼키듯 덮었다'와 같이 입안 가득 차오르는 느낌을 살려 의역하는 것이 문학적이다.",おかえしとばかりに、加奈もアイスキャンディをしゃぶるように肉棒を舐めたあげく、亀頭のくびれ部分にまで唇をスッポリかぶせたうえで、露出している幹の部分を、猛烈な勢いでしごいた。,귀두의 목 부분에까지 입술을 스ッポリ 덮은 채로...,"귀두의 굴곡진 부분까지 입술로 쑥 머금은 뒤, 노출된 기둥 부분을 맹렬한 기세로 훑어 올렸다."
チュウチュウ,쪽쪽,의성어,"액체를 빨아들이는 소리를 나타내는 의성어로, 문맥상 성적인 긴장감과 몰입감을 살리기 위해 '쪽쪽' 또는 '츄릅츄릅'과 같이 입술과 액체가 마찰하며 나는 소리로 자연스럽게 의역해야 한다. 단순히 소리 자체를 나열하기보다 문장의 흐름에 맞춰 '쪽쪽 소리를 내며' 혹은 '쪽쪽 빨아들이며'와 같이 서술형으로 풀어내는 것이 소설적이다.",すると、少年が膣口に唇を押しつけて、溢れた愛液を、チュウチュウと音をたてて吸引しはじめた。陰唇がゴム膜のように伸びて、少年の口のなかにまで入りこみ、吸われると、ビブラートを生じて、そこから強烈な疼きが湧いた。,소년이 애액을 츄우츄우 소리를 내며 흡인하기 시작했다.,"그러자 소년이 질 입구에 입술을 밀착시키더니, 흘러넘치는 애액을 쪽쪽 소리를 내며 빨아들이기 시작했다."
チクチク,따끔따끔,의성어,"날카로운 물체가 피부를 가볍게 찌르거나 자극할 때 느껴지는 통증을 나타낸다. 소설적 문맥에서는 단순히 '따끔따끔'이라고 하기보다, 상황의 긴장감에 따라 '따끔거리며', '따끔하게' 등으로 조사나 어미를 변형하여 문장에 자연스럽게 녹여내야 한다.",カッターナイフの先が両方の腕をチクチクと刺激すると、もうすっかり諦めた様子の早紀子は、両手を背後にまわして、すべてをさらけだした。,"커터칼 끝이 양팔을 치쿠치쿠 자극하자, 이미 완전히 포기한 듯한 사키코는...","커터칼 끝이 양팔을 따끔따끔하게 자극하자, 이미 완전히 포기한 듯한 사키코는..."
ツカツカ,성큼성큼,의성어,발소리를 내며 거침없이 또는 망설임 없이 걷는 모양을 나타낸다. 소설적 문맥에서는 인물의 목적의식이나 급한 마음이 드러나도록 '성큼성큼 다가갔다' 혹은 '성큼 다가서자'와 같이 동작의 속도감과 무게감을 살려 의역하는 것이 자연스럽다.,背中を向けた加奈を呼びとめた。ゆっくり振り向いた加奈にツカツカと歩み寄ると、いきなり抱き寄せて唇を合わせた。,"천천히 돌아본 카나에게 츠카츠카 걸어가더니, 갑자기 끌어안고 입술을 맞췄다.","천천히 돌아보는 카나를 향해 성큼성큼 다가가더니, 돌연 그녀를 끌어안고 입술을 맞추었다."
チロチロ,"지글지글, 지릿지릿",의성어,"전기적 자극이나 열기가 가해지는 모양을 나타낸다. 본 문맥에서는 전기 쇼크와 유사한 자극이 신체에 전달되어 즉각적인 반응을 일으키는 상황이므로, 전율이나 뜨거운 자극이 느껴지는 듯한 '지릿지릿' 혹은 불꽃이나 열기가 튀는 듯한 '지글지글'로 의역하여 문학적 긴장감을 살려야 한다. 단순히 소리나 모양을 묘사하는 것을 넘어 환자가 느끼는 감각적 충격을 표현하는 것이 핵심이다.",仮死状態の患者が電気ショックを受けた時のように、夕雨子の全身がビクンッと跳ねた。チロチロの効果は覿面だった。,치로치로 효과는 적면이었다.,지릿지릿한 자극은 즉각적인 효과를 발휘했다.
ムズムズ,근질근질,의성어,"피부 표면이 가렵거나 몸 안쪽에서 무언가 간지러운 느낌이 올라올 때 사용하는 표현이다. 문맥상 성적인 자극이나 욕구로 인해 몸이 달아오르며 느껴지는 참기 힘든 간지러움을 의미하므로, 단순히 가렵다는 뜻을 넘어 '근질근질하다' 혹은 '몸이 근질거린다'와 같이 심리적·신체적 갈증을 포함하여 의역하는 것이 자연스럽다.",ムズムズ感というか、いたたまれないような感覚をおさめるには、確かに熱く潤った股間に、男性のペニスを押しこんでもらうのが、もっともふさわしく合理的であるような気がする。,"무즈무즈한 감각이라고 할까, 견딜 수 없는 감각을 가라앉히기에는...","몸이 근질거리는 느낌이라고 해야 할까, 참을 수 없는 이 감각을 가라앉히기에는..."
チリチリ,"화끈화끈, 따끔따끔, 지릿지릿",의성어,"불꽃이 타오르거나 피부가 자극을 받아 화끈거리는 느낌을 나타낸다. 여기서는 성적인 흥분이나 열기로 인해 하반신이 달아오르는 감각을 묘사하므로, 단순히 불이 타는 소리가 아니라 신체 내부에서 느껴지는 뜨겁고 저릿한 통증 혹은 열감을 나타내는 '화끈화끈'이나 '지릿지릿' 등으로 문맥에 맞게 의역해야 한다.",ああ、なんとかして……という夕雨子の気持ちが、彼女自身、気づかないうちに、悩ましい身のうねりとなった。そしてそれは主に下半身に集中した。股間の恥ずかしい割れ目が特に顕著で、チリチリと燃えるように熱く切ない。,"가랑이 사이의 부끄러운 갈라짐이 특히 현저하여, 치리치리 타오르는 것처럼 뜨겁고 애절하다.","가랑이 사이의 부끄러운 은밀한 곳이 특히 도드라져, 마치 화끈하게 타오르는 듯 뜨겁고도 애달팠다."
ネチネチ,"끈질기게, 집요하게, 지긋지긋하게",의성어,"본래 '끈적끈적하다'는 의미를 내포하지만, 문맥상 상대방을 괴롭히거나 몰아세울 때 사용하는 부정적인 태도를 나타낸다. 여기서는 미인을 괴롭히는 행위가 일회성이 아니라, 상대의 정신이나 육체를 집요하고 집요하게 파고드는 느낌을 살려 '끈질기게' 혹은 '집요하게'로 의역하는 것이 소설적 흐름에 자연스럽다.",ネチネチと美人を甚振る・・・それも、懇意なあなたの妻になった理絵さんを意のままに,네치네치하게 미인을 심부름한다... 그것도 당신의 아내가 된 리에 씨를.,"미인을 집요하게 괴롭히다... 그것도 당신과 친분이 있는 아내, 리에 씨를 마음껏 휘두르며."
サッパリ,"깔끔하다, 시원시원하다, 군더더기 없다",의성어,"문맥상 상대방의 성격이나 태도가 복잡하지 않고 명쾌하거나, 혹은 관계나 상황이 정리되어 뒤끝 없이 깔끔하다는 의미로 쓰였다. 소설적 흐름에 따라 '성격이 시원시원해서', '뒤끝 없이 깔끔해서', '군더더기 없는 모습이라' 등으로 문맥에 맞게 의역해야 한다. 단순히 '상쾌하다'라고 번역하면 사람의 성향을 나타내는 문맥에서 어색할 수 있다.",それに・・・どうも、あっちの方がサッパリなので仕事に精を出しているって噂なの」,그쪽이 더 사파리해서 일에 정성을 다하고 있다는 소문이야.,게다가... 그쪽이 훨씬 성격이 시원시원해서 일에 매진하고 있다는 소문이더라고.
イヤイヤ,"싫다며, 아니라고",의성어,"부정의 의미를 담아 고개를 가로젓는 동작을 나타낸다. 소설적 문맥에서는 단순히 '싫다 싫다'라고 반복하기보다, 인물의 거부 의사가 드러나도록 '싫다며 고개를 저으며' 또는 '아니라고 고개를 저으며'와 같이 동작과 심리를 연결하여 자연스럽게 의역하는 것이 좋다.",イヤイヤと首を振り続ける翔子の表情に、,"이야이야와 계속 고개를 흔드는 쇼코의 표정에,","싫다며 계속 고개를 가로젓는 쇼코의 표정에,"
ウットリ,"황홀하게, 넋을 잃고, 황홀경에 빠져",의성어,"무언가에 매료되어 정신을 못 차리거나 기분 좋은 상태에 깊이 빠져든 모양을 나타낸다. 소설적 문맥에서는 단순히 '황홀하게'라는 부사뿐만 아니라, '넋을 잃고 바라보았다', '황홀경에 빠졌다'와 같이 서술어와 호응하여 인물의 심리 상태를 묘사하는 방식으로 의역하는 것이 자연스럽다.",黒のスカートを手に取り、その肌触りにウットリとしたところで,"검은 스커트를 손에 들고, 그 촉감에 우ット리했다.","검은 스커트를 집어 들고, 그 감촉에 황홀해하던 참이었다."
ポツリポツリ,"툭툭, 한 마디씩, 띄엄띄엄",의성어,"말을 조심스럽게 혹은 망설이며 조금씩 내뱉는 모양을 나타낸다. 소설적 문맥에서는 단순히 '툭툭'이라고 하기보다, 말의 간격이 느껴지도록 '툭툭 내뱉는', '조금씩 이어가는', '망설이며 한 마디씩 꺼내는' 등의 표현으로 상황에 맞춰 의역하는 것이 자연스럽다.",そして、ポツリポツリと話す翔子の髪を撫で・・・時には抱きしめ勇気づける,"그리고, 포츠리포츠리 이야기하는 쇼코의 머리를 쓰다듬고...","그리고, 한 마디씩 툭툭 말을 내뱉는 쇼코의 머리를 쓰다듬으며... 때로는 꼭 껴안아 용기를 북돋워 주었다."
アップアップ,"허덕이다, 숨이 턱 끝까지 차다, 겨우겨우 버티다",의성어,"물속에서 숨을 쉬지 못해 허우적거리는 모습에서 유래한 표현으로, 경제적 상황이나 업무량 등이 감당하기 어려워 쩔쩔매는 상태를 의미한다. 소설 문맥에서는 '숨이 막힐 듯하다', '허덕이다', '빠듯하다' 등 상황에 맞춰 자연스럽게 의역해야 한다. 단순히 '업업'과 같은 음차나 '업업하다'라는 식의 직역은 피해야 한다.",「馬鹿を言うなよ、今の4人家族の生活で、アップアップじゃないか」,"지금의 4인 가족 생활로, 업업하고 있잖아.","""바보 같은 소리 마, 지금 네 식구 생활비 대는 것만으로도 숨이 턱 끝까지 차오르는데."""
ジンジン,"욱신욱신, 찡하게",의성어,"통증이 지속적으로 자극을 주며 느껴지는 양상을 나타낸다. 문맥에 따라 코 안쪽이 '욱신거리는' 느낌이나, 눈시울이 '찡하게' 달아오르는 느낌으로 상황에 맞춰 자연스럽게 의역해야 한다. 단순히 소리나 진동을 나타내는 단어가 아니므로 '진진'과 같은 직역은 피해야 한다.",鼻の奥がジンジンと痛み、目頭が熱い。,"코 안쪽이 진진하게 아프고, 눈두덩이가 뜨겁다.","코 안쪽이 욱신거리며 통증이 느껴졌고, 눈시울이 뜨겁게 달아올랐다."
カツカツ,또각또각,의성어,"딱딱한 구두가 바닥에 부딪히며 나는 경쾌하거나 규칙적인 소리를 나타낸다. 문맥상 권위 있는 인물인 로랑 경이 등장하는 장면이므로, 발소리의 위엄이나 속도감을 살려 '또각또각' 또는 '또각거리는' 등으로 자연스럽게 의역해야 한다. 단순히 소리 자체를 옮기기보다 인물의 움직임과 결합하여 소설적인 리듬감을 주는 것이 중요하다.",広い謁見の間の扉が開き、侍従長のロウラン卿(きょう)がカツカツと靴を鳴らし、足早に入ってくる。,"넓은 알현실의 문이 열리고, 시종장인 로랑 경이 카츠카츠하고 구두를 울리며 발 빠르게 들어온다.","넓은 알현실의 문이 열리고, 시종장인 로랑 경이 구두 소리를 또각거리며 발 빠르게 들어왔다."
カラカラ,바짝,의성어,"목이 마르거나 건조한 상태를 나타내는 의태어로, 소설적 문맥에서는 '목이 바짝 타들어가다', '목이 바짝 마르다'와 같이 형용사적 표현과 결합하여 긴박함이나 갈증을 극대화하는 방식으로 의역하는 것이 자연스럽다. 단순히 '카라카라하게'라고 음차하거나 '바싹'이라고만 하기보다 문장의 흐름에 맞춰 '바짝 말라붙다' 등의 표현을 사용하는 것이 좋다.",その重圧に、リトラの喉はカラカラに乾き、足が鉛のように重くなっていた。,그 중압감에 리트라의 목은 카라카라하게 말라 있었다.,"그 중압감에 리트라의 목은 바짝 타들어 갔고, 발은 납덩이처럼 무거워져 있었다."
カップリ,"커플링, 조합",의성어,"일본 서브컬처 및 장르 문학에서 캐릭터 간의 관계성이나 엮임을 뜻하는 'カップリング(커플링)'의 약어이다. 한국 팬덤 용어로는 '커플링'을 그대로 사용하거나, 문맥에 따라 두 캐릭터의 관계를 나타내는 '조합' 혹은 '관계성'으로 의역하는 것이 자연스럽다. 문장에서 '커플링입니다'라고 끝맺음할 때는 해당 캐릭터들의 관계를 다루는 설정임을 명시해야 한다.",プライド高めな不遇純情王子（婿王）×謎の仮面の男（高貴な国の王子？）のカップリングです。,자존심 높은 불우 순정 왕자 × 수수께끼의 가면남의 커플리입니다.,자존심 강한 불운한 순정 왕자 × 수수께끼의 가면을 쓴 남자(고귀한 나라의 왕자?)의 커플링입니다.
ギュンギュン,"꽉꽉, 조여드는",강한 압박감이나 급격하게 조여오는 움직임을 나타내는 의태어이다. 소설적 문맥에서는 단순히 소리를 묘사하기보다 '꽉꽉 조여온다'거나 '조여드는 느낌'처럼 상태를 생생하게 전달하는 표현으로 의역하는 것이 자연스럽다. 기계적인 음차인 '큥큥'은 피해야 한다.,의성어,,,
ユサユサ,"출렁출렁, 흔들흔들","부드러운 신체 부위나 머리카락 등이 큰 움직임에 의해 크게 흔들리는 모양을 나타낸다. 문맥상 격렬한 움직임에 따라 가슴과 머리카락이 크게 흔들리는 상황이므로, 소설적 허용을 더해 '출렁출렁' 혹은 '출렁이며'와 같이 무게감 있는 움직임으로 의역하거나, 움직임의 양상을 묘사하는 '세차게 흔들렸다' 등으로 자연스럽게 풀어내는 것이 좋다. 단순히 '유사유사'라고 음차하는 것은 피해야 한다.",의성어,,,
ズンッズンッ,"쿵쿵, 퍽퍽, 묵직하게","단순히 소리만을 나타내는 것이 아니라, 신체가 강하게 부딪히는 무게감과 타격감을 동시에 전달해야 한다. 소설적 문맥에서는 삽입 시 발생하는 육중한 충돌음이나 그 움직임의 깊이를 나타내기 위해 '쿵쿵' 혹은 '퍽퍽'과 같이 무게감이 느껴지는 의성어를 사용하거나, '묵직하게 찔러올 때마다'와 같이 동작의 느낌을 살려 의역하는 것이 자연스럽다.",의성어,,,
ドンドン,"퍽퍽, 쾅쾅, 쿵쿵","상황에 따라 주먹으로 등을 치는 동작의 강도나 속도에 맞춰 '퍽퍽' 혹은 '쾅쾅' 등으로 의역해야 한다. 단순히 소리만을 나타내는 것이 아니라, 상대방을 밀어내려는 저항의 몸짓이 느껴지도록 문맥에 맞게 조사와 동사를 조합하여 자연스럽게 표현해야 한다.",의성어,,,
グニャグニャ,"물렁물렁한, 말랑말랑한, 흐물흐물한","부드럽고 탄력 없이 형태가 쉽게 변하는 질감을 나타낸다. 문맥상 여성의 내부 점막이 가진 부드럽고 축축한 촉감을 묘사하므로, 단순히 형태의 변화만을 뜻하는 '구불구불' 같은 표현보다는 '물렁물렁한' 혹은 '흐물흐물한'과 같이 촉각적 자극이 느껴지는 형용사로 의역하여 관능적인 분위기를 살려야 한다.",의성어,,,
コチョコチョ,간질간질,"손가락 끝으로 가볍게 자극을 주는 동작을 나타낸다. 소설적 문맥에서는 단순히 '간질간질'이라고 하기보다, 상황의 농도에 따라 '간질이며', '간질거리며' 혹은 '살랑살랑 건드리듯' 등으로 의역하여 문장의 흐름을 자연스럽게 만드는 것이 중요하다. 기계적으로 '코쵸코쵸'라고 음차하지 않도록 주의한다.",의성어,,,
ドキンドキン,두근두근,"심장 박동이 강하게 뛰는 모양을 나타내는 의태어이다. 문맥상 성적 흥분으로 인해 혈류가 모여 맥동하는 상태를 묘사하므로, 단순히 심장이 뛰는 느낌을 넘어 '맥동하는', '욱신거리는' 등의 형용사적 표현으로 의역하거나 '두근두근'을 사용하여 긴장감과 흥분을 동시에 전달해야 한다. 기계적으로 '도킨도킨'이라고 음차하지 않도록 주의한다.",의성어,,,
チュッチュッ,"쪽쪽, 츕츕","입술이나 신체 부위를 빨아들이거나 가볍게 맞닿으며 내는 소리를 나타낸다. 소설적 문맥에서는 단순히 소리 자체를 나열하기보다 '쪽쪽 소리를 내며', '츕츕거리며'와 같이 동작을 묘사하는 부사적 표현으로 의역하거나, 상황의 농도에 따라 '쪽쪽' 혹은 조금 더 젖은 느낌의 '츕츕'을 사용하여 자연스럽게 흐름을 이어가야 한다.",의성어,,,
シャリシャリ,서걱서걱,"피부 위에서 체모가 쓸리는 듯한 까칠하면서도 가벼운 마찰감을 나타낸다. 문맥상 부드러운 새틴 소재와 대비되는 거친 촉감을 강조해야 하므로, 한국어 소설 표현에서 피부나 머리카락의 마찰을 묘사할 때 쓰는 '서걱서걱' 혹은 '까슬까슬'로 의역하는 것이 자연스럽다. 단순히 소리만을 나타내는 '샤리샤리'를 직역하지 않도록 주의한다.",의성어,,,
プリプリ,"탱글탱글한, 탄력 있는","피부나 살결의 탄력을 나타내는 표현이다. 문맥상 여성의 가슴을 만졌을 때의 촉감을 묘사하고 있으므로, 단순히 '탱글탱글'이라는 의태어를 그대로 쓰기보다는 '탱글탱글한 감촉', '탄력 있는 느낌'처럼 형용사적으로 풀어내어 소설적 질감을 살려야 한다. 상황에 따라 '말랑하면서도 탄력 있는' 등으로 의역하는 것이 자연스럽다.",의성어,,,
ドクッドクッ,"욱신욱신, 울컥울컥","혈관이 맥동하며 피가 몰리는 강한 박동감을 나타내는 의성어다. 한국어 소설 문맥에서는 혈관이 뛰는 모양을 묘사할 때 '욱신거리다', '꿈틀거리다' 혹은 혈액이 요동치는 느낌인 '울컥거리다' 등으로 의역하는 것이 자연스럽다. 단순히 소리만을 전달하기보다 생생한 박동의 감각을 전달해야 한다.",의성어,,,
ハアハア,"헉헉, 하아하아","거친 호흡을 나타내는 의성어로, 문맥에 따라 '헉헉거리며', '거칠게 숨을 몰아쉬며', '하아하아하며' 등 인물의 상태를 묘사하는 동사나 부사 형태로 자연스럽게 의역해야 한다. 단순히 소리 자체를 나열하기보다 인물의 흥분이나 가쁜 상태가 드러나도록 문장 흐름에 맞게 조절하는 것이 중요하다.",의성어,,,
チラッチラッ,"힐끗힐끗, 슬쩍슬쩍","시선을 숨기면서도 자꾸만 눈길이 가는 모양을 나타낸다. 소설의 흐름에 따라 '힐끗힐끗'으로 긴장감을 주거나, '슬쩍슬쩍'으로 은밀한 느낌을 주는 등 문맥에 맞춰 자연스럽게 의역해야 한다. '치랏치랏'과 같은 일본어 발음을 그대로 옮기는 것은 피해야 한다.",의성어,,,
ネバネバ,끈적끈적한,"액체의 점성을 나타내는 표현으로, 문맥상 성적인 흥분으로 인해 분비된 액체의 질감을 묘사한다. 소설적 흐름에 따라 '끈적거리는', '끈적한', '진득한' 등으로 변주하여 자연스럽게 의역해야 하며, 단순히 상태를 설명하는 것을 넘어 촉감이 느껴지도록 표현하는 것이 중요하다.",의성어,,,
ビシビシ,"호되게, 엄하게, 매섭게",상대방을 강하게 몰아붙이거나 엄격하게 다스리는 모양을 나타낸다. 문맥에 따라 '호되게 다뤄달라'거나 '엄하게 가르쳐달라'는 식의 의역이 필요하다. 단순히 '비시비시'라고 음차하거나 '딱딱하게'와 같은 물리적 느낌으로 직역하는 것을 피해야 한다.,의성어,,,
チョコチョコ,"낼름낼름, 꼼지락꼼지락, 살랑살랑","혀의 움직임을 나타내는 표현으로, 상황에 따라 혀끝이 가볍고 빠르게 움직이는 모양인 '낼름낼름'이나, 작고 귀엽게 움직이는 느낌을 주는 '꼼지락꼼지락' 등으로 의역해야 한다. 문맥이 성적인 뉘앙스를 포함한다면 혀의 움직임이 느껴지는 생생한 동사형 표현(예: 낼름거리며, 움직이며)을 사용하는 것이 자연스럽다. '초코초코'와 같은 기계적 직역은 피해야 한다.",의성어,,,
ポーンポーン,삑삑,버튼을 누를 때 나는 경쾌하거나 짧은 전자음을 나타낸다. 한국어 소설 문맥에서는 버튼을 누르는 동작과 결합하여 '삑삑' 또는 '띡띡' 등으로 번역하는 것이 자연스럽다. 원문의 반복되는 의성어를 그대로 음차하기보다 상황에 맞는 효과음으로 의역해야 한다.,의성어,,,
ソックリ,"판박이, 똑 닮은, 판박이인","외모나 분위기가 매우 흡사함을 나타내는 표현이다. 소설적 문맥에서는 단순히 '똑같다'는 표현보다 '판박이다', '~를 빼닮았다', '~와 판박이인' 등 대상의 유사성을 강조하는 자연스러운 한국어 표현을 사용해야 한다.",의성어,,,
ボンボン,부잣집 도련님,"부유한 집안에서 부족함 없이 자란 남성을 낮잡아 보거나 혹은 가볍게 일컫는 표현이다. 문맥상 화자가 자신의 배경(부모님의 회사)을 설명하며 타인의 시선을 의식하고 있으므로, 단순히 '부자'라고 하기보다는 사회적 통념상 '금수저'나 '도련님' 같은 뉘앙스를 살려 번역하는 것이 소설적 흐름에 자연스럽다.",의성어,,,
ーーーーーー,ーーーーーー (장음/비명 연장),의성어,"일본어 만화나 소설에서 사용되는 장음 기호(ー)의 연속은 목소리의 길이를 나타낸다. 한국어 번역 시에는 단순히 기호를 그대로 두기보다, 문맥에 따라 '아아아악', '안 돼애애애', '안 돼ーーー'와 같이 비명의 길이를 체감할 수 있도록 글자를 늘리거나 감탄사 형태로 의역하는 것이 소설적 허용으로서 자연스럽다.",「だめーーーーーー」,「안 돼ーーーーーー」,“안 돼애애애애!”
ガチャガチャ,"달그락달그락, 철컥철컥, 덜컹덜컹",의성어,"물건이 부딪히며 나는 딱딱한 금속성 소리나 경첩, 잠금장치 등이 거칠게 움직이는 소리를 나타낸다. 문맥에 따라 무언가를 급하게 뒤지는 소리라면 '달그락달그락', 자물쇠나 문을 여닫는 소리라면 '철컥철컥' 또는 '덜컹덜컹'으로 상황에 맞춰 의역해야 자연스럽다. 단순히 '가차가차'라고 음차하는 것은 피해야 한다.",何度も　ガチャガチャと,몇 번이고 가차가차하고.,몇 번이고 달그락거리는 소리가 들렸다.
ピクッピクッ,"파르르, 움찔움찔",의성어,근육이나 신체 부위가 경련하듯 짧고 빠르게 떨리는 모양을 나타낸다. 문맥에 따라 '파르르' 떨리거나 '움찔움찔' 움직이는 것으로 의역하여 생동감을 살려야 한다. '피큿피큿'과 같은 기계적 음차는 피한다.,肩甲骨がピクッピクッと上下に動いている。,견갑골이 피큿피큿 하고 상하로 움직이고 있다.,견갑골이 파르르 움찔거리며 위아래로 움직이고 있다.
サラサラ,"찰랑찰랑, 보들보들, 매끄러운",의성어,"머리카락의 결이 부드럽고 윤기가 나는 상태를 나타낸다. 한국어 소설 문맥에서는 머리카락의 움직임을 묘사할 때 '찰랑찰랑'이라는 의태어를 사용하거나, 상태를 형용하는 '매끄러운', '부드러운' 등의 표현으로 의역하는 것이 훨씬 자연스럽다. 단순히 '사라사라'라는 발음을 옮기지 않도록 주의한다.",ショートでサラサラの髪が、激しく揺れる。,쇼트 스타일의 사라사라한 머리카락이 격렬하게 흔들린다.,짧은 단발의 찰랑거리는 머릿결이 격렬하게 흔들린다.
アウアウ,"꺽꺽, 컥컥, 혹은 앓는 듯한 소리",의성어,"상황에 따라 '꺽꺽대며', '컥컥거리며' 등 호흡이 막히거나 쾌락으로 인해 제대로 된 말을 내뱉지 못하는 상태를 나타내는 의성어로 의역해야 한다. 원문의 '물개 같은 소리(オットセイのような声)'라는 비유를 고려할 때, 단순히 동물의 울음소리를 직역하기보다는 숨이 넘어가는 듯한 격한 반응을 묘사하는 것이 소설적 맥락에 자연스럽다.",彼は少し驚いた様子で言いましたが、私は黙って縮まった肉棒をちゅるちゅると吸い上げます。そしてお掃除の枠を越えた完全なフェラチオを施すと、彼はアウアウとオットセイのような声を上げて悶えました。,그는 아우아우하고 물개 같은 소리를 내며 몸부림쳤다.,그는 꺽꺽거리는 물개 같은 신음 소리를 내뱉으며 몸부림쳤다.
ヘラヘラ,"헤벌쭉, 실실, 싱글벙글",의성어,"상대방을 안심시키거나 상황을 모면하려는 듯 가볍고 실없게 웃는 모양을 나타낸다. 문맥에 따라 '헤벌쭉 웃으며', '실실 웃음을 흘리며' 등 인물의 태도가 드러나도록 자연스럽게 의역해야 한다. 단순히 '헤라헤라'라고 음차하는 것은 피해야 한다.",すると獣は「いいから、大丈夫だから」とヘラヘラと笑みを浮かべてキスをしてこようとします。,"그러자 짐승은 ""괜찮으니까""라며 헤라헤라 웃음을 띄우고 키스를 하려 합니다.","그러자 짐승은 ""괜찮아, 정말 괜찮으니까""라며 헤벌쭉 웃음을 지은 채 키스를 해오려 했다."
ニチャニチャ,질척질척,의성어,"점액질이 섞여 끈적거리는 소리나 상태를 나타낸다. 소설적 문맥에서는 단순히 상태를 설명하기보다 '질척하게', '질척이며'와 같이 동사적 표현과 결합하거나, 액체의 점성을 강조하는 '질척질척한' 등의 형용사적 표현으로 의역하여 관능적인 분위기를 살려야 한다. '니챠니챠'를 그대로 음차하는 것은 피해야 한다.",舌は私の舌を一滑りしてから、口内を舐め回してきました。唇を鯉のようにパクパク動かして、濃厚に舌を絡めてくるのです。ニチャニチャ唾液を混ぜ合い、音を立てて下唇を吸われ、彼の生暖かい息を鼻で吸い込み、私は顔を真っ赤にして胸を高鳴らせました。,니챠니챠하게 타액을 섞으며 소리를 냈다.,질척하게 타액을 섞으며 소리를 내며 하순을 빨아들였다.
バッタリ,"우연히, 딱, 불쑥",의성어,"예상치 못한 상황에서 갑작스럽게 마주치는 모양을 나타낸다. 소설적 문맥에서는 단순히 '갑자기'라고 하기보다, 운명적이거나 당혹스러운 만남의 느낌을 살려 '우연히 마주치다', '딱 마주치다' 등으로 자연스럽게 의역해야 한다. 기계적으로 '밧타리'라고 음차하거나 상황에 맞지 않는 부사를 사용하지 않도록 주의한다.",私はアナタを責めません。良いか悪いかで仰るなら、悪いのは私です。理由はどうあれ夫婦として共に生活しているのだから、他の男に手を出すなんてことは絶対に許されない。だからもし今、バッタリ私達が出くわしてしまったとしても言い訳はしません。今日でなくとも、後日この事がばれたとしても同じです。それにこれが原因で離婚となってもいいと思っています。アナタの心を傷つけたとして、慰謝料を取られるようなことがあっても構いません。むしろ私達のこの十年がお金で解決するのなら安いぐらいでしょう。それぐらいの覚悟をもっての浮気なのです。,"오늘이 아니더라도, 후일 이 일이 밧타리 들통나더라도 마찬가지입니다.","오늘이 아니더라도, 나중에라도 이 일이 우연히 들통나게 된다 해도 마찬가지입니다."
シブシブ,"마지못해, 내키지 않는 듯, 마뜩잖은 표정으로",의성어,"단순히 '억지로'라는 의미를 넘어, 마음속으로는 내키지 않지만 어쩔 수 없이 움직이는 심리적 저항감이 포함된 표현이다. 소설의 문맥에 따라 '마지못해 발걸음을 옮겼다' 혹은 '내키지 않는 듯 다가갔다'와 같이 인물의 태도를 묘사하는 부사로 자연스럽게 의역해야 한다.",妻はシブシブ、社長の頭の方に行きました。,아내는 시부시부 사장의 머리 쪽으로 갔습니다.,아내는 마지못해 사장의 머리 쪽으로 다가갔습니다.
スパスパ,"쪽쪽, 츄릅",의성어,"무언가를 빨아들이는 소리를 나타내는 의성어로, 문맥상 유두나 가슴을 강하게 빨아올리는 관능적인 상황이다. 한국어 소설에서는 단순히 소리 자체를 나열하기보다 '쪽쪽' 혹은 액체를 삼키는 듯한 느낌을 주는 '츄릅' 등의 표현을 사용하여 행위의 리듬감을 살려 의역하는 것이 자연스럽다.",社長は、交互に両乳房を「チュウチュウ、スパスパ・・・」と吸い上げ、 性器の方では、愛液による「クチャ、クチャ・・・」と、嫌らしい音がして 来ました。,"사장님은 양쪽 유방을 교대로 '츄츄, 스파스파' 하고 빨아올렸다.","사장은 양쪽 가슴을 번갈아 가며 쪽쪽, 츄릅 소리가 나도록 빨아댔고,"
グッスリ,"깊이, 푹, 정신없이",의성어,"잠든 상태의 깊이를 나타내는 부사로, 문맥에 따라 '깊이 잠들었다', '푹 자버렸다', 혹은 상황의 피로도를 강조하여 '정신없이 잠들었다' 등으로 의역하는 것이 자연스럽다. 단순히 '푹'이라고 하기보다 문장의 호흡에 맞춰 서술형으로 풀어내는 것이 소설적이다.",妻も「私を嫌いにならないでね、お願いだから・・・」とくれ返しながら、 やがて果て、疲れたのか、夕方までグッスリ寝ました。,아내는 저녁까지 구스리 잤습니다.,아내는 저녁때까지 깊이 잠들었습니다.
プルプル,출렁,의성어,"부드럽고 풍만한 신체 부위가 움직임에 따라 흔들리는 모양을 나타낸다. 문맥상 가슴의 움직임을 묘사하므로, 단순히 떨리는 느낌보다는 무게감 있게 흔들리는 '출렁', '탱글탱글', '출렁출렁' 등으로 의역하여 관능적인 분위기를 살려야 한다. '푸르푸르'와 같은 기계적 직역은 피해야 한다.",屹立した肉棒に目をやって満足そうに笑ってから、真理子は背中に手をまわしてホックをはずした。ブラジャーが床に落ちるのと同時に、豊かなふくらみがプルプルと揺れる。,"브래지어가 바닥에 떨어짐과 동시에, 풍만한 부풀음이 푸르푸르 흔들린다.","브래지어가 바닥으로 떨어짐과 동시에, 풍만한 가슴이 출렁이며 흔들렸다."
ヒダヒダ,주름진 곳,의성어,"해부학적 구조를 나타내는 단어로, 소설적 문맥에서는 단순히 '주름'이라고 하기보다 성적인 긴장감을 살려 '주름진 곳' 혹은 '속살의 주름' 등으로 의역하는 것이 자연스럽다. 상황에 따라 '보드라운 주름'이나 '조여드는 주름'처럼 형용사를 붙여 묘사할 수 있다.",「ううっ、すごいよ、ママ。オマ×コの中で、ヒダヒダがチ×ポに当たってくる」,"엄마, 보지 안에서 히다히다가 자지에 닿아.","“으윽, 굉장해, 엄마. 보지 안에서 주름진 곳이 자지에 계속 닿아.”"
ヌラヌラ,미끈미끈,의성어,"점액질이나 기름기 등으로 인해 표면이 매끄럽고 번들거리는 상태를 나타낸다. 문맥상 체액이나 윤활제 등으로 인해 점막이 젖어 있는 상태를 묘사하므로, 소설적 허용을 더해 '미끈거리는', '미끈미끈한' 등으로 자연스럽게 의역해야 한다. 단순히 질감을 설명하는 것을 넘어 촉각적인 느낌이 전달되도록 문장에 녹여내는 것이 중요하다.",息子の指が二本、アヌスにめり込んでヌラヌラとした粘膜を掻きまわすようにローリングする。由美は脳の中枢がシビれるようだ。,아들의 손가락 두 개가 항문에 파고들어 누라누라한 점막을 휘젓듯 회전한다.,아들의 손가락 두 개가 항문 속으로 파고들어 미끈거리는 점막을 휘젓듯 굴려댔다.
ピトピト,뚝뚝,의성어,"액체가 방울져 떨어지는 모양을 나타내는 의태어다. 문맥상 복숭아즙(桃汁)이 흘러내리는 상황이므로, 액체가 끊이지 않고 떨어지는 느낌을 살려 '뚝뚝' 혹은 '방울방울' 등으로 의역하는 것이 자연스럽다. 단순히 소리나 모양을 묘사하는 데 그치지 않고, 액체의 질감과 흐름이 느껴지도록 문장 안에서 동사(떨어지다, 흐르다 등)와 자연스럽게 어우러지게 번역해야 한다.",ピトピト桃汁を垂らして悶える由美の喘ぐ乳房から、岳光は口を離して、秀夫の頬を張る。,피토피토 복숭아즙을 떨어뜨리며 몸부림치는 유미의 신음하는 유방으로부터...,"뚝뚝 떨어지는 복숭아즙에 몸부림치며 신음하는 유미의 가슴에서, 타케미츠는 입을 떼고 히데오의 뺨을 후려쳤다."
イボイボ,"오돌토돌한, 울퉁불퉁한",의성어,"성적인 맥락에서 남성의 성기 표면을 묘사할 때 사용되는 표현이다. 단순히 '돌기가 있는'과 같은 딱딱한 표현보다는, 소설적 질감을 살려 '오돌토돌한' 혹은 '울퉁불퉁한'과 같이 촉감이 느껴지는 형용사로 의역하는 것이 자연스럽다. 문맥에 따라 해당 부위의 거친 질감을 강조할 수 있도록 조절해야 한다.",由美は言う。イボイボのあるごつい肉棒をすっかり呑み込んで吐蜜しているさくら貝の姿は貪婪で、ほんとに成熟した女のそれだ。,유미는 말한다. 이보이보가 있는 투박한 육봉을...,"유미는 말한다. 오돌토돌하고 투박한 육봉을 통째로 삼킨 채 애액을 흘려대는 조개 모양의 모습은 탐욕스러웠으며, 그야말로 성숙한 여인의 그것이었다."
ペンペン,듬성듬성,의성어,"원문의 'ペンペン草(펜펜구사)'는 풀이 거의 없이 드문드문 나 있는 상태를 뜻하는 관용적 표현이다. 문맥상 황폐해진 산문의 풍경을 묘사하고 있으므로, 단순히 풀이 있다는 의미를 넘어 '풀 한 포기 제대로 나지 않는', '듬성듬성 풀이 돋아난' 등의 느낌으로 의역하여 황량한 분위기를 살려야 한다. '펜펜'이라는 음절에 집착하여 직역하지 마라.",時刻は午後六時すぎ。空はまだ明るく灼けていて屋根にペンペン草が立っている山門の辺り、煮えるような西陽がよどんでいる。二つの人影がその陽射しをよぎって荒んだままの境内にはいって来た。この世ならぬ濃密な相姦関係にある美しい母と少年が、邪悪放埓の僧岳光から電話で呼び出されてやって来たのだ。,"지붕에 펜펜풀이 서 있는 산문 근처, 끓어오르는 듯한 서쪽 햇살이 고여 있다.","지붕 위로 풀 한 포기 제대로 나지 않는 산문 근처, 끓어오르는 듯한 서쪽 햇살이 정체되어 있다."
ピンピン,팽팽하게,의성어,"긴장감이 극도로 높아진 상태나 팽팽하게 당겨진 줄 등을 묘사할 때 사용된다. 여기서는 성적 흥분으로 인해 한계까지 치달은 긴장감을 나타내므로, '팽팽하게' 혹은 '팽팽히'와 같이 문맥에 맞춰 긴박함을 살려 번역해야 한다. 단순히 소리나 모양을 흉내 내는 의성어로 직역하기보다, 인물의 심리적/신체적 긴장 상태를 묘사하는 부사로 의역하는 것이 자연스럽다.",岳光は、由美のその妖しい痴態に煽られ、張った糸を強くピンピンとはじいて清香の肉体を責める。,"타케미츠는 유미의 요염한 모습에 자극받아, 팽팽한 실을 강하게 핀핀 튕기며 세이카의 육체를 몰아붙였다.","타케미츠는 유미의 그 요염한 자태에 고무되어, 팽팽하게 당겨진 실을 끊어질 듯 강하게 튕기며 세이카의 육체를 몰아붙였다."
タラタラ,"주르륵, 줄줄, 울컥울컥",의성어,"액체가 끊이지 않고 계속해서 흘러내리는 모양을 나타낸다. 문맥상 성적인 흥분으로 인해 애액이 흘러나오는 상황이므로, 단순히 액체가 흐르는 느낌보다는 점성이 있거나 양이 많아지는 느낌을 살려 '주르륵' 혹은 '줄줄'과 같이 소설적 허용을 담아 의역하는 것이 자연스럽다. '타라타라'라는 발음을 그대로 옮기는 것은 피해야 한다.",赤い媚肉から生温い桃汁をタラタラと垂らし、絶え入るようなかすれた声で言うのも容赦せず、二本のソーセージをしごいて前と後ろを同時に責め嬲る。,"붉은 미육으로부터 미지근한 복숭아즙을 타라타라 흘리며,","붉은 속살에서 미지근한 애액을 주르륵 흘려보내며,"
ツーツー,줄줄,의성어,"액체가 끊이지 않고 계속해서 흘러내리는 모양을 나타낸다. 문맥상 애액이 흘러내리는 관능적인 상황이므로, 단순히 '줄줄'이라고 하기보다는 '줄줄 흘러내리다', '주르륵 흘러내리다'와 같이 액체의 질감과 움직임이 느껴지도록 소설적으로 의역하는 것이 자연스럽다.",人工の肉棒がクリトリスをローラーし、ピタピタと叩きながら、くちゅくちゅとこねくる。極度に鋭敏な由美のクリトリスは、固くしこってまたちっこいペニスのように立ち上がる。甘い匂いのする桃汁がツーツーッとすべり落ち、肉唇はふくらんで開ききっている。,달콤한 냄새가 나는 복숭아즙이 ツーツー라고 미끄러져 떨어진다.,"달콤한 향기를 머금은 복숭아즙이 줄줄 흘러내렸고, 음순은 부풀어 올라 활짝 열려 있었다."
ビタビタ,"찰팍찰팍, 철썩철썩",의성어,"액체가 튀거나 젖은 살결이 강하게 부딪히는 소리를 나타낸다. 소설적 문맥에서는 단순히 소리만을 묘사하기보다, 행위의 격렬함과 질척이는 분위기를 살려 '찰팍찰팍 때렸다' 혹은 '철썩 소리가 나도록 때렸다'와 같이 상황에 맞춰 자연스럽게 의역해야 한다. 기계적으로 '비타비타'라고 음차하는 것은 피해야 한다.",相変らず不敵に笑いながら岳光は、素っ裸になってベッドに上がると、勃起している男根をムチにして由美の尻をビタビタ叩く。母親のほうを先に犯すと思えたが、すぐに娘の尻に移り、本式に両手で抱え込んで後ろから肉膣へぶち込んだ。,유미의 엉덩이를 비타비타 때린다.,유미의 엉덩이를 찰팍찰팍 소리가 나도록 거칠게 내리쳤다.
ボトッボトッ,뚝뚝,의성어,"액체가 무겁고 굵게 떨어지는 모양을 나타낸다. 문맥상 뜨거운 촛농이 신체 부위에 떨어지는 상황이므로, 단순히 떨어지는 느낌을 넘어 무게감과 액체의 질감이 느껴지도록 '뚝뚝' 또는 '툭툭'으로 의역하는 것이 자연스럽다. '보톳보톳'과 같은 일본어 발음을 그대로 옮기지 않도록 주의한다.",巨大な蝋燭は大玉の蝋液を女陰のあちこちに、そして肛門にもボトッボトッと落としている。母娘の肛門も白い蝋がこびりつき、陰唇にもクリトリスの周辺にも白い蝋がうず高くなっていく。岳光は熱蝋を指にすくって清香のクリトリスに押しつけた。,"거대한 양초는 커다란 촛농을 여음 곳곳에, 그리고 항문에도 보톳보톳 떨어뜨리고 있다.",거대한 양초는 커다란 촛농을 여음 곳곳과 항문 위로 뚝뚝 떨어뜨리고 있었다.
ソロソロ,"살금살금, 조심조심",의성어,"발소리를 내지 않으려는 의도가 담긴 움직임이므로, 단순히 천천히 걷는 것이 아니라 들키지 않기 위해 몸을 낮추거나 발을 조심스럽게 내딛는 느낌을 살려 '살금살금' 혹은 '조심조심'으로 번역한다. 문맥상 긴장감이 흐르는 상황이므로 동작의 은밀함을 강조하는 것이 자연스럽다.",岳光は裸のまま大あぐらをかいて何かの干物をかじり、ビールを飲んでいる。時折、顔を庭のほうに向けるのに気をつけながら秀夫は足音を立てぬようにソロソロと後退して行った。山門をくぐって無事に道に出るとほっとすると同時に、あらためておぞましい恐怖感がよみがえってきた。,히데오는 발소리를 내지 않도록 솔로솔로 후퇴해 갔다.,히데오는 얼굴을 돌리지 않는지 살피며 발소리가 나지 않게 살금살금 뒷걸음질 쳤다.
カンカン,쨍쨍,의성어,"햇볕이 매우 강하게 내리쬐는 모양을 나타내는 의태어이다. 한국어 소설 문맥에서는 '햇볕이 쨍쨍하다', '햇살이 쨍쨍 내리쬐다'와 같이 표현하는 것이 가장 자연스럽다. 단순히 빛의 세기만을 말하는 것이 아니라, 여름날의 뜨겁고 강렬한 태양 빛의 이미지를 전달해야 한다.",眼を醒ましたのは、もう陽が高くなっている九時になってからだった。夏の朝の九時は陽がカンカン照りつけ、庭木の緑がきらめいている。由美はカーテンを繰って、腫れぼったい眼でその陽の色を眺めた。,"여름 아침 아홉 시는 해가 칸칸 내리쬐고, 정원 나무의 초록이 반짝이고 있다.","여름날 아침 아홉 시의 햇살은 쨍쨍하게 내리쬐고, 정원 나무의 초록빛은 눈부시게 빛나고 있었다."
ギッチリ,"꽉, 빈틈없이, 빽빽하게",의성어,"물리적인 공간이 여유 없이 가득 차 있는 상태를 나타낸다. 본 문맥에서는 성기가 항문에 깊숙이 박혀 있어 틈이 보이지 않을 정도로 밀착된 관능적인 상황을 묘사하므로, 단순히 '꽉'이라고 하기보다 '빈틈없이 물려 있는', '꽉 조여진' 등 상황의 압박감과 밀착감을 살려 소설적으로 의역하는 것이 자연스럽다.",秀夫が恍惚とした声で言う。興奮している赤い眼は、ギッチリと男根を咥え込んでいる肛口の淫猥な拡がりを見て、美貌の貴婦人の尻を征服している思いが全身に満ちる。,"흥분한 붉은 눈은, 기치리하게 남근을 물고 있는 항문의 음란한 확장을 보고...","흥분으로 붉게 충혈된 눈은, 남근을 빈틈없이 집어삼키고 있는 항문의 음란한 벌어짐을 바라보며..."
ズシズシ,"묵직하게, 쿵쾅쿵쾅, 털썩털썩",의성어,"무거운 물체가 반복적으로 강하게 부딪히는 소리나 무게감을 나타낸다. 여기서는 인물의 움직임이 격렬해지며 엉덩이를 강하게 부딪히는 상황이므로, 단순히 소리만을 묘사하기보다 동작의 무게감과 타격감이 느껴지도록 '묵직하게' 또는 '쿵쾅쿵쾅'과 같이 문맥에 맞춰 의역해야 한다. 기계적으로 '즈시즈시'라고 음차하는 것은 피해야 한다.",由美はもう堪まらなくなったようにすりつけた尻を、ズシズシと打ちつけだした。,유미는 이제 참을 수 없게 된 듯 문지르던 엉덩이를 즈시즈시 치기 시작했다.,유미는 이제 참을 수 없게 된 듯 문지르던 엉덩이를 묵직하게 부딪쳐 대기 시작했다.
ガッキリ,"덥석, 확, 거칠게",의성어,"이 단어는 갑작스럽고 강한 동작을 나타내는 의태어로, 여기서는 망설임 없이 상대의 몸을 껴안는 돌발적인 행동을 의미한다. 소설적 문맥에서는 단순히 동작을 묘사하기보다 '덥석 껴안았다'나 '확 끌어안았다'처럼 동사와 자연스럽게 어우러지도록 의역해야 문장의 긴장감이 살아난다.",秀夫はそう言うと、ガッキリ母の裸身を抱きしめ、唇を吸ってきた。由美はもがいたが、荒々しく唇を求められ、息子の舌が歯をかいくぐって入ってくると、それに自分の舌を絡ませてディープキスに応じていく。秀夫の手がむさぼりつくされた股間に這って舌を吸いっこしつつ由美は拒めない自分を呪いながら太腿をゆるめ、息子の手を迎え入れ、またも敏感な陰核を玩弄される。,"히데오는 그렇게 말하더니, 가ッキリ 어머니의 나체를 껴안고 입술을 빨아왔다.","히데오는 그렇게 말하자마자, 덥석 유미의 알몸을 끌어안고 입술을 탐해왔다."
ピタピタ,"탁, 탁, 탁",의성어,"피부나 살점이 부딪히는 규칙적이고 건조한 타격음을 나타낸다. 문맥상 秀夫가 肉芽(육아/살점)를 계속해서 때리는 상황이므로, 단순히 소리를 나열하기보다 '탁, 탁, 탁' 혹은 '툭, 툭, 툭'과 같이 동작의 리듬감을 살려 번역해야 한다. 소설적 허용을 통해 동작의 반복성을 강조하는 것이 자연스럽다.",ピタピタピタ……ピタピタピタ……秀夫は紅い肉芽を叩きつづけ、由美はもう疲れはてて哀願する気力もなく、ただされるままだ。その死体のようにぐったりとした白い全裸の女体の姿に激しく欲情した秀夫は上にのしかかっていく。,피타피타피타…… 피타피타피타…… 히데오는 붉은 육아를 계속 두드렸다.,"탁, 탁, 탁…… 탁, 탁, 탁…… 히데오는 붉은 살점을 계속해서 내리쳤고, 유미는 이미 지칠 대로 지쳐 애원할 기력조차 없이 그저 당할 뿐이었다."
ヌメヌメ,"미끈미끈, 미끌미끌",의성어,"점액질이나 액체로 인해 표면이 매끄럽고 젖어 있는 상태를 나타낸다. 소설적 문맥에서는 단순히 질감을 설명하는 것을 넘어, 애액으로 인해 손가락이 미끄러지는 관능적인 느낌을 살려 '미끈거리는', '미끌거리는' 등으로 자연스럽게 의역해야 한다. 기계적으로 '누메누메'라고 음차하지 않도록 주의한다.",まさぐる指先が濡れる。由美の蠱惑の花園は発酵して肉唇がふくらんで拡がり、陰核は突起し、膣前庭はねっとりと蜜でうるんでいる。秀夫の指はヌメヌメとした柔らかな小陰唇の纜ツワナ$B%A%^纜と襞をこすり合わせて嬲りだした。,히데오의 손가락은 누메누메한 부드러운 소음순을 문지르기 시작했다.,히데오의 손가락은 미끈거리는 부드러운 소음순과 주름을 문지르며 희롱하기 시작했다.
ズキンズキン,"욱신욱신, 욱신거리는",의성어,"통증이나 맥박이 강하게 뛰는 모양을 나타내는 표현이다. 본 문맥에서는 성기가 박동하는 감각을 묘사하므로, 단순히 통증만을 의미하는 '욱신욱신'을 넘어 혈관이 뛰거나 맥동하는 느낌을 살려 '욱신거리며 맥동하는' 혹은 '욱신욱신 뛰는' 등으로 상황에 맞게 의역해야 한다. 기계적으로 '즈킨즈킨'이라고 음차하지 않도록 주의한다.",そんな言葉とは裏腹に、由美は膣をつらぬいてズキンズキンと脈動している息子のペニスを喰いしめるにかかる。,유미는 질을 관통하여 즈킨즈킨 맥동하는 아들의 페니스를 물어뜯으려 한다.,"그런 말과는 반대로, 유미는 질을 관통하며 욱신욱신 맥동하는 아들의 성기를 집어삼킬 듯 조여 왔다."
パッチリ,"동그랗게 뜬, 커다란",의성어,"눈이 크고 선명하게 떠져 있는 상태를 나타낸다. 문맥상 캐릭터의 외모적 특징(눈이 크고 예쁜 모습)을 묘사하므로, 단순히 '패치리한'이라고 직역하기보다 '동그랗게 뜬 눈'이나 '커다란 눈망울'처럼 인물의 미적 특징이 드러나도록 자연스럽게 의역해야 한다.",恐怖にすくみ固くなった娘の清香は全裸に剥かれてベッドに仰臥し、脚を大きく開いて秘部を嬲られていた。眸のパッチリした、凛々しくて可愛らしい顔は蒼くこわばり、動かぬ瞳は絶望的な翳を帯びて天井の一点を見つめている。,"눈이 패치리한, 늠름하고 귀여운 얼굴은...",동그랗게 뜬 눈이 늠름하면서도 귀여운 얼굴은 창백하게 굳어 있었고...
ピシピシ,"찰싹찰싹, 탁탁",의성어,"피부나 살점을 손바닥으로 가볍게 혹은 리듬감 있게 때리는 소리를 나타낸다. 문맥상 남성이 여성의 신체를 애무하며 장난스럽거나 자극적으로 손바닥을 사용하는 상황이므로, 단순히 소리만을 옮기기보다 '찰싹찰싹 때리며' 또는 '탁탁 치며'와 같이 동작과 결합하여 소설적인 생동감을 살려 의역해야 한다.",秀夫はきびしく命じると、食い入るような眼で白い艶麗な全裸の立ち姿を見つめる。そして、みごとな大きさの乳房をまたあらためて愛撫する。桃色の花芯と陰裂をひと撫でし、後ろにまわって豊かで形のいい尻の肉丘をまさぐり、そのムッチリ張り出している尻たぶを拡げてピシピシと肛門を弾いて戯れ、由美の官能の化身ともいえる肉体を讃美する。,엉덩이 살을 넓히고 피시피시 항문을 튕기며 놀았다.,"엉덩이 살을 벌리고 항문을 찰싹찰싹 때리며 장난을 치는 등, 유미의 관능 그 자체인 육체를 찬미했다."
ビシッビシッ,찰싹찰싹,의성어,손바닥으로 얼굴을 강하게 때리는 타격음을 나타낸다. 소설적 맥락에서는 단순히 소리를 묘사하기보다 '찰싹찰싹 따귀를 때리다' 혹은 '매섭게 손찌검을 하다'와 같이 동작의 느낌을 살려 의역하는 것이 자연스럽다. '비시비시'와 같은 기계적 직역은 피해야 한다.,悲鳴をあげる清香の顔にビシッビシッとビンタの連打。清香は愛らしい形をした唇の端か血の糸を垂らして、突き出されているママの爛熟の白い尻に迫って行った。ぶるぶる震える手で、母が剥き出しにしているアヌスにガルボソーセージを押しつけると、悲痛な声を吐いてそれを突き入れた。,비명을 지르는 세이카의 얼굴에 비시비시하고 뺨을 때리는 연타.,비명을 지르는 세이카의 얼굴에 찰싹찰싹 매서운 손찌검이 이어졌다.
グリングリン,"빙글빙글, 휘저으며, 거칠게 돌리며",의성어,"단순히 회전하는 모양을 넘어, 성적인 맥락에서 귀두나 성기가 특정 부위를 강하게 압박하며 원을 그리듯 비비거나 파고드는 역동적인 움직임을 나타낸다. 문맥에 따라 '빙글빙글'이라는 의태어를 직접 쓰기보다는 '휘저으며', '짓이기며', '거칠게 돌리며'와 같이 동사형으로 풀어내어 소설적 긴장감을 살리는 것이 자연스럽다.",男はさらにピッタリ股間と股間を癒着させると、極太の巨根で肉壷を撹拌させた。亀頭の先端を子宮口にあてがい、グリングリンと抉りこねる。,귀두의 끝을 자궁구에 대고 구링구린 하고 파헤쳤다.,"귀두 끝을 자궁구에 맞댄 채, 빙글빙글 돌리며 거칠게 파헤쳤다."
ゴワゴワ,거칠거칠한,의성어,"피부나 털의 질감이 부드럽지 않고 뻣뻣하거나 까칠한 상태를 나타낸다. 본 문맥에서는 손등이나 손가락에 난 체모의 거친 촉감을 묘사하므로, 소설적 허용을 더해 '거칠거칠한', '까칠까칠한', 혹은 '빳빳한' 등으로 번역하여 성적인 자극이 느껴지는 질감을 생생하게 전달해야 한다. 단순히 '고와고와'라고 음차하는 것은 피해야 한다.",次郎が膣のなかで巧みに指を駆使し、敏感な子宮口をいたぶっている。指で摘んで揉みしだき、長い爪で入口のすぼまりを引っかいていた。しかもゴワゴワとした手に生えた毛が、膣壁の粘膜を刺激しているのだからたまらない。ひとたび痛みから快感へと転じていくと、よがり狂わされてしまうほどのものだ。,게다가 고와고와한 손에 난 털이 질벽의 점막을 자극하고 있어서 참을 수 없다.,게다가 거칠거칠한 손에 난 털이 질벽의 점막을 자극하고 있으니 참을 수가 없었다.
ググググ,"으으윽, 으으으으윽",의성어,"신음이나 고통을 참는 소리를 나타내는 의성어로, 단순히 글자 그대로 옮기기보다 인물이 느끼는 압박감이나 고통의 깊이에 따라 '으으윽', '으드득', '끄으으' 등 상황에 맞는 한국어 신음 소리로 의역해야 한다. '구구구구'와 같은 기계적 직역은 피해야 한다.",「ウッ、ウググググッ……」,"「윽, 우구구구구……」","「윽, 으으으으윽……」"
ハハハハ,하하하하,의성어,"웃음소리를 나타내는 의성어로, 문맥상 캐릭터의 호탕함이나 광기, 혹은 자신만만한 태도를 드러낸다. 한국어 소설 문법에 맞춰 '하하하하' 또는 상황의 격조에 따라 '하하하' 등으로 자연스럽게 처리하며, 단순히 글자 그대로 옮기기보다 인물의 감정 상태가 느껴지도록 배치해야 한다.",「あんちゃんよ、ここで俺たちと出会ったのも何かの縁だ。今日は特別に、二人に俺の猿の味を御馳走してやるよ……フフ、フハハハハハッ」,"후후, 하하하하하하앗.","후후, 하하하하하하!"
ガッガッ,"꺽꺽, 컥컥",의성어,원문의 'ガッガッ'은 원숭이가 거칠고 탁한 목소리로 내는 울음소리나 숨 가쁜 소리를 나타낸다. 한국어 문학적 표현으로는 동물의 거친 울음소리를 묘사할 때 사용하는 '꺽꺽' 혹은 목이 메는 듯한 '컥컥' 등으로 의역하는 것이 자연스럽다. 단순히 소리 자체를 나열하기보다 문맥에 따라 '꺽꺽거리는 소리'와 같이 서술형으로 풀어내는 것이 좋다.,雨がみぞれに変わり、夜はすっかり明けていた。道の片側の急峻な斜面の上方から「ガッガッガッ」という声と「ギィアーギャアー」という、いやな猿の交錯する声が聞こえてきた。,"경사면 위쪽에서 ""가각가각"" 하는 소리와 ""기아아갸아"" 하는 싫은 원숭이의 소리가 들려왔다.","경사면 위쪽에서 ""꺽꺽""거리는 소리와 ""끼아악, 끼아악"" 하는 불쾌한 원숭이들의 울음소리가 뒤섞여 들려왔다."
カチンカチン,딱딱하게,의성어,"본 문맥에서는 신체 부위가 발기하여 매우 단단해진 상태를 나타낸다. '카친카친'을 그대로 음차하기보다는 '딱딱하게', '단단하게', 혹은 상황에 따라 '빳빳하게' 등으로 의역하여 성적인 긴장감이나 상태를 자연스럽게 묘사해야 한다.",「姉さん、もうカチンカチンよ。早く一発目を終わらせなさいよ」,"「언니, 벌써 카친카친이야. 빨리 첫 발을 끝내버려」","「언니, 벌써 딱딱해졌잖아. 얼른 첫 판부터 끝내버려」"
ベチャベチャ,질척질척,의성어,"액체가 과도하게 묻어 축축하고 끈적거리는 상태를 나타낸다. 소설적 문맥에서는 단순히 액체가 묻었다는 사실을 넘어, 점성이 있는 액체로 인해 불쾌하거나 혹은 관능적인 느낌이 강조되도록 '질척질척', '질척이는', '범벅이 된' 등으로 의역하는 것이 자연스럽다. 기계적으로 '베차베차'라고 음차하지 않도록 주의한다.",クリトリスを鼻の頭に押しつけてきた。ぽってりとしたラヴィアが、鼻梁に張りついていた。すでに安藤の顔は蜜液でベチャベチャだ。生臭い性臭が鼻孔をくすぐり、大脳を刺激していた。,이미 안도의 얼굴은 꿀액으로 베차베차하다.,이미 안도의 얼굴은 애액으로 질척질척하게 젖어 있었다.
ニコニコ,"생글생글, 싱글벙글",의성어,"입 모양을 예쁘게 하며 즐겁게 웃는 모양을 나타낸다. 소설의 문맥과 캐릭터의 분위기에 따라 '생글생글' 혹은 '싱글벙글'로 번역하되, 인물의 표정이 드러나도록 자연스럽게 배치해야 한다. 단순히 '웃으며'라고 하기보다 웃음의 양상을 구체화하는 것이 문학적이다.",母親がニコニコと笑いながら、安藤のダラリとしたペニスを撫でまわしにかかる。,어머니가 니코니코 웃으면서 안도의 늘어진 페니스를 쓰다듬기 시작한다.,"어머니는 생글생글 웃음을 지으며, 안도의 축 처진 성기를 부드럽게 쓰다듬기 시작했다."
ブヨブヨ,물렁물렁,의성어,"부드럽고 탄력 없이 흐물거리는 질감을 나타낸다. 문맥상 성기 조직이 비대해져 있거나 힘없이 늘어진 상태를 묘사하므로, 단순히 '말랑말랑'하기보다는 살집이 불거져 흐물거리는 느낌을 주는 '물렁물렁' 혹은 '흐물흐물'로 의역하는 것이 소설적 몰입감을 높인다.",すでに何百、何千回とペニスを迎え入れてきたというヴァギナだった。ラヴィアはダラリとして溝から垂れさがっている。剥いてもいないのに、薄皮からクリトリスがのぞいていた。めくれば小指の頭くらいありそうなクリトリスだった。花びらはまるで芋虫のようで、ブヨブヨしていた。,꽃잎은 마치 애벌레 같아서 부요부요했다.,꽃잎은 마치 애벌레처럼 물렁물렁하게 부풀어 있었다.
ヒーヒー,"헉헉, 하악하악",의성어,"숨이 가빠서 내뱉는 거친 숨소리나 흥분으로 인해 몰아쉬는 호흡을 나타낸다. 문맥에 따라 '헉헉거리는', '하악거리는' 등으로 변주하여 소설적 흐름에 맞게 의역해야 하며, 단순히 소리 자체를 나열하기보다 인물의 상태가 느껴지도록 번역하는 것이 중요하다.",「なに言ってやがる。ヒーヒー、恥ずかしげもなく、ずっとよがり声あげてたくせに」,"“무슨 소릴 하는 거야. 히히, 부끄러운 줄도 모르고 계속 요가리 목소리를 내더니.”","“무슨 소릴 하는 거야. 헉헉거리면서, 부끄러운 줄도 모르고 계속 교성을 질러댔으면서.”"
ブルンブルン,"출렁출렁, 탱글탱글, 출렁이며",의성어,"가슴의 크기와 움직임의 탄력을 나타내는 표현이다. 문맥상 성적인 흥분 상태에서 가슴이 격하게 흔들리는 모습을 묘사하므로, 단순히 '흔들리다'라고 하기보다는 '출렁출렁'이나 '탱글탱글하게 흔들리다'와 같이 육감적인 느낌을 살려 의역하는 것이 자연스럽다. 상황에 따라 '출렁이며', '출렁거렸다' 등으로 변주하여 소설적 허용을 높여야 한다.",女はひっきりなしに口を半開きにして、四肢を震わせた。よがり声が急ピッチなあえぎ声に変わっていく。ピストンを送りこむたびに、乳首を立てた釣鐘型の大きな乳房が、胸の上でブルンブルンと艶めかしく揺れた。,피스톤을 밀어 넣을 때마다 큰 유방이 가슴 위에서 블루룬블룬하고 요염하게 흔들렸다.,"피스톤을 밀어 넣을 때마다, 꼿꼿이 선 유두를 가진 종 모양의 커다란 유방이 가슴 위에서 출렁출렁 요염하게 흔들렸다."
ペチャペチャ,"질척질척, 챱챱, 츄릅츄릅",의성어,"입술과 혀가 젖은 표면을 마찰하며 내는 소리를 나타낸다. 소설적 문맥에서는 단순히 소리 자체를 묘사하기보다 '질척이는 소리를 내며', '츄릅거리며'와 같이 동작의 느낌을 살려 의역하는 것이 자연스럽다. 상황의 농도에 따라 '질척질척'이나 '챱챱' 등으로 변주할 수 있다.",女も負けじと、鼻を鳴らしながら肉棒を責めたててきた。今度は指で根元をしっかりと固定させ、雁首に歯を軽くたてて刺激する。かと思えば、ペチャペチャと淫らな音をたてて、亀頭をねぶりまわす。そしてついに、女は喉の奥まで巨根を呑みこんだ。まさにディープスロートそのものだ。,페차페차하고 음란한 소리를 내며 귀두를 핥았다.,그러더니 이번에는 질척이는 음란한 소리를 내며 귀두를 핥아댔다.
グイッグイッ,"꽉꽉, 꾸욱꾸욱, 조여들며",의성어,"손가락이 깊숙이 박히는 움직임과 그에 반응하여 질 내부가 강하게 수축하는 역동적인 움직임을 나타낸다. 단순히 반복되는 동작을 넘어, 무언가를 강하게 움켜쥐거나 밀어붙이는 압박감이 느껴지도록 '꽉꽉' 또는 '꾸욱꾸욱'과 같이 힘이 실린 표현을 사용하거나, 문맥에 따라 '조여들며'와 같이 동사형으로 의역하여 소설적 긴장감을 살려야 한다.",女の口もとからかすかな呻き声がもれた。しかも女はその言葉に、確かに首を縦に振ってうなずいた。そして膣もまた、抉ってくる太い指をさらに奥まで呑みこもうと、グイッグイッと収縮する。まるでそこだけが意志を持った生き物のようだった。,"질도 또한, 파고드는 굵은 손가락을 더 깊게 삼키려고 구이구잇 하고 수축한다.","질 또한 파고드는 굵은 손가락을 더욱 깊숙이 삼켜버리려는 듯, 꽉꽉 조여들었다."
シュパシュパ,"질퍽질퍽, 슈욱슈욱",의성어,"액체가 튀거나 빠르게 움직이며 발생하는 마찰음을 나타내는 의성어다. 소설적 문맥에서는 단순히 소리를 나열하기보다 '질퍽거리는', '슈욱거리는' 등 형용사적 표현을 활용하거나, 액체가 튀는 느낌을 살린 한국어 의성어로 의역하여 관능적인 분위기를 극대화해야 한다. 기계적으로 '슈파슈파'라고 음차하는 것은 피해야 한다.",今や部屋のなかには、グチュグチュ、シュパシュパという淫らな音が漂っていた。二人は百年の眠りから目覚めたかのように、愛を貪り合っていく。夢中でお互いの陰部をねぶりつづけていった。,"이제 방 안에는 구츄구츄, 슈파슈파라는 음란한 소리가 떠돌고 있었다.",이제 방 안에는 질척이는 소리와 함께 슈욱슈욱거리는 음란한 소리가 감돌았다.
ジワッジワッ,"지릿지릿, 욱신욱신, 꽉",의성어,"단순히 물리적인 움직임뿐만 아니라, 내부의 근육이나 감각이 뜨겁고 강렬하게 조여오는 느낌을 나타낸다. 문맥상 성적인 쾌감과 함께 내부가 압박해오는 상황이므로, '지릿지릿하게', '욱신거리며', '빈틈없이' 등 상황에 따라 근육의 수축과 열감을 묘사하는 표현으로 의역해야 자연스럽다.",寿々子の感度は抜群だった。背を弓のように反りかえらせ、腰をせりあげて、自ら貪欲に快感をあさって身をくねらす。肉壷の襞がジワッジワッと肉棒に絡みついてきた。膣道が蠕動して締めつけてきた。,육포의 주름이 지와지와라고 육봉에 얽혀왔다.,질 내부의 주름이 뜨겁게 달아오르며 육봉을 꽉 조여왔다.
グラグラ,"출렁출렁, 흔들흔들",의성어,"본래 액체가 담긴 그릇이 크게 흔들리는 모양을 뜻하지만, 문맥상 관능적인 자극으로 인해 성적 흥분이 고조되거나 신체 부위가 격렬하게 동요하는 모습을 나타낸다. 소설적 허용을 통해 '출렁출렁'과 같이 액체감이 느껴지는 표현이나, 감각의 동요를 나타내는 '흔들흔들' 등으로 상황에 맞춰 의역해야 한다. 단순히 '그라그라'라고 음차하는 것은 피해야 한다.",そっと手をのばして秘唇をめくり、上方の薄皮をまくりあげてみた。ピンク色の肉玉が露呈されて、松木の官能をグラグラと揺さぶった。その下でひっそり閉じた二枚の花びらは、卑猥な感じの紅色だった。指先で摘んで引っぱると、淫らがましく伸びた。その内側はピンク色で、底にある肉の壷をのぞかせていた。,소나무의 관능을 그라그라 흔들었다.,소나무의 관능을 출렁이며 뒤흔들었다.
ジョリジョリ,까슬까슬,의성어,"피부에 닿는 거칠고 딱딱한 촉감을 나타내는 표현이다. 문맥상 체모의 거친 질감을 묘사하고 있으므로, 단순히 소리가 아닌 피부에 느껴지는 감촉을 뜻하는 '까슬까슬하다' 혹은 '까슬거리는' 등으로 의역하여 소설적 생동감을 살려야 한다.",柔らかく、弾力のある、なんとも言えない感触がてのひらに伝わってきた。ジョリジョリッという手触りからも、恥毛がたっぷりと生えているのがわかる。,조리조리한 촉감에서도 음모가 듬뿍 나 있는 것을 알 수 있다.,까슬거리는 촉감만으로도 체모가 무성하게 나 있다는 것을 알 수 있었다.
ウンウン,"음, 음, 과연, 그렇군",의성어,"상대방의 말을 듣거나 스스로 생각에 잠기며 고개를 끄덕이는 소리다. 소설 문맥에서는 단순히 소리를 묘사하기보다 '음, 음', '그렇군', '과연' 등 화자가 납득하거나 추측을 이어가는 독백적 어조로 의역해야 자연스럽다. 기계적으로 '웅웅'이라고 번역하면 진동음처럼 들릴 수 있으니 주의해야 한다.",「いや、日本ではない。西洋だな……これは北欧の海賊のようだ。海賊船のなかで、あなたが子分たちに指揮をとっている。あまり大きな船ではないが、あなたはこの海賊船の船長だったようですぞ……ウンウン、なるほどなるほど……数々の商船を襲って、随分と財宝をためこんだみたいですな」,"음음, 과연 과연…… 수많은 상선을 습격해서, 꽤 많은 재보를 모은 모양이군요.","음, 음, 과연, 그렇군요…… 수많은 상선을 습격해서, 꽤 많은 재보를 모은 모양이군요."
ァァァァァァ,아아아아악!,의성어,"단순히 모음의 연장이 아니라, 절정에 달했을 때 터져 나오는 비명이나 신음의 격렬함을 나타낸다. 한국어 소설 문맥에서는 단순히 글자를 늘어뜨리기보다 느낌표나 문장 부호를 활용하여 호흡이 끊기거나 터져 나오는 듯한 느낌을 살려 의역하는 것이 자연스럽다.",「い、イクゥゥゥッ！　アン、アン、アッ、アアアァァァァァァッ！」,"「이, 간다아아아아아아아아! 안, 안, 아, 아아아아아아아!」","「가, 가버렷...! 아, 아, 아, 아아아아악!」"
ワンワン,강아지처럼,의성어,"본래 '멍멍'이라는 뜻의 의성어지만, 여기서는 체위나 자세를 묘사하는 맥락이다. 따라서 '멍멍 스타일'과 같은 직역보다는 '강아지처럼 엎드린 자세' 혹은 '강아지 같은 자세'로 의역하여 인물의 동작이 시각적으로 그려지도록 해야 한다.",稲葉が不思議そうに見つめていると、美津子は自ら体位を変えた。ワンワンスタイルになって、お尻を突きだしてきた。,"완완 스타일이 되어, 엉덩이를 내밀었다.","이나바가 의아한 듯 바라보자, 미츠코는 스스로 체위를 바꿨다. 강아지처럼 엎드린 자세가 되어 엉덩이를 치켜들었다."
コネコネ,"조물조물, 주무르듯",의성어,"손가락 끝으로 무언가를 반복해서 누르거나 비비는 동작을 나타낸다. 문맥상 성적인 애무 상황이므로 단순히 '비비다'라는 표현보다는 손가락의 움직임과 압력이 느껴지는 '조물조물' 혹은 '꾹꾹'과 같은 의태어를 사용하여, 대상(클리토리스)을 정성스럽게 혹은 집요하게 만지는 느낌을 살려 의역해야 한다.",稲葉の分身はなおも丹念に舐めまわしながら、指でクリトリスを揉みしだいている。クルクル、コネコネと、ベアリングの玉を磨いてでもいるかのように、指先に蜜液を塗りつけて、クリトリスを愛撫していく。,"쿠루쿠루, 코네코네하며 베어링 구슬을 닦듯이...","빙글빙글, 조물조물하며 마치 베어링 구슬이라도 닦아내려는 듯이..."
チリンチリン,딸랑딸랑,의성어,작은 방울이나 종이 가볍고 경쾌하게 울리는 소리를 나타낸다. 소설적 문맥에서는 단순히 소리 자체를 묘사하기보다 '딸랑거리는 방울 소리'와 같이 동작이나 상태를 자연스럽게 연결하여 번역하는 것이 좋다.,稲葉は早くハンハンを捕まえて部屋に戻ろうと、名を呼びながら近づく。するとハンハンは、またチリンチリンと鈴を鳴らしながら先へ先へと逃げていく。,"그러자 한한은, 또 치린치린하고 방울을 울리며 앞서 앞서 도망쳐 간다.","그러자 한한은, 다시 딸랑딸랑 방울 소리를 내며 이리저리 도망쳐 갔다."
ニャーニャー,야옹야옹,의성어,"고양이의 울음소리를 나타내는 의성어로, 문맥상 고양이가 가늘고 애처로운 목소리로 울고 있으므로 '야옹야옹' 혹은 상황에 따라 '애처롭게 야옹거리며'와 같이 소리의 느낌을 살려 번역한다. 단순히 소리만 옮기기보다 고양이의 상태가 드러나도록 자연스럽게 처리해야 한다.",猫はカーテンの引かれているほうにいて、姿はガラス越しに映しだされていない。稲葉が様子をうかがっていると、そのまま動かずに、ニャーニャーと細い声で鳴きだした。,"이나바가 살피고 있자, 그대로 움직이지 않고 니야니야하고 가는 목소리로 울기 시작했다.","이나바가 상황을 살피고 있자, 고양이는 그대로 움직이지 않은 채 야옹야옹 가냘픈 목소리로 울기 시작했다."
ハンハン,"흥흥, 흥!, 씩씩",의성어,"코를 씩씩거리며 거칠게 숨을 내쉬는 소리나, 화가 나서 콧방귀를 뀌는 소리를 나타낸다. 문맥에 따라 분노를 나타내는 '씩씩'이나 코웃음을 치는 '흥흥' 등으로 의역하며, 인물의 감정 상태(분노, 불쾌함, 혹은 콧물 등으로 인한 호흡)에 맞춰 자연스럽게 표현해야 한다.",「ハンハン……」,그녀는 한한... 하고 소리를 냈다.,그녀는 씩씩거리며 거친 숨을 몰아쉬었다.
ジリジリ,"지릿지릿, 지그시, 천천히",의성어,"물리적인 마찰이나 압박, 혹은 무언가 서서히 조여오거나 움직이는 모양을 나타낸다. 본 문맥에서는 결박된 다리가 위로 끌려 올라가는 고통스럽거나 자극적인 움직임을 묘사하므로, 단순히 소리를 나타내는 직역보다는 신체의 움직임이 느껴지는 '지그시'나 '지릿지릿' 같은 표현을 사용하여 긴장감과 관능미를 살려 의역해야 한다.",蕾にもっと激しいバイブレーションをきかせると、ついに久美子は、自ら膝を折ったまま、緊縛された両脚を上にジリジリと引きあげてきた。快感を訴えるように、乳房の盛りあがりが波打ちはじめる。白衣を着て、聴診器を患者の胸にあてているときの女医．久美子とはまるで別人のような、ひとりの可愛い女としての反応だ。,결박된 양다리를 위로 지리지리 끌어올렸다.,결박된 양다리를 위로 지그시 끌어올렸다.
フルフル,"살랑살랑, 흔들흔들, 파르르",의성어,"가벼운 진동이나 떨림을 나타내는 의태어이다. 본 문맥에서는 유방이 움직임에 따라 가볍게 흔들리는 모양을 묘사하므로, 문장의 분위기에 맞춰 '살랑살랑' 혹은 '출렁출렁'과 같이 부드럽고 관능적인 느낌을 주는 한국어 표현으로 의역하는 것이 자연스럽다. 단순히 '풀풀'이라고 직역하는 것은 피해야 한다.",久美子は口を半開きにして、四肢を震わせていた。軽くピストンを送りこみつつ、勃起した乳首をのせたお椀型の乳房が、フルフルと可愛らしく揺れていた。まだ本格的な律動を開始させていないのに、早くも久美子は甘え声をもらしている。,유두를 얹은 사발 모양의 유방이 풀풀 귀엽게 흔들리고 있었다.,유두를 머금은 사발 모양의 가슴이 살랑살랑 귀엽게 흔들리고 있었다.
グーグー,쿨쿨,의성어,"깊은 잠에 빠져 코를 골거나 아무런 방해 없이 아주 깊이 자는 모양을 나타낸다. 소설적 문맥에서는 단순히 소리를 묘사하기보다 '쿨쿨 잠들다', '세상모르고 자다'와 같이 상태를 자연스럽게 표현하는 것이 좋다.",俺はこんないいことをされながら、毎晚、馬鹿みたいにグーグーと寝ていたのか。なんてもったいない。そうだ、睡眠薬を飲ませて患者の体を弄んでいたことをたてに、脅してやろう。あああ、この純真で恥ずかしがり屋の女医さんを、恥辱地獄に落としてやったら、どんなに興奮できるだろう……。,나는 매일 밤 바보같이 구구하고 자고 있었던 건가.,"나는 이렇게 좋은 대접을 받으면서도, 매일 밤 바보같이 쿨쿨 잠만 자고 있었던 건가."
ツンツン,"콕콕, 톡톡, 살랑살랑",의성어,"끝이 뾰족한 물체로 가볍게 찌르거나 건드리는 모양을 나타낸다. 문맥상 성적인 자극을 주는 섬세하고 조심스러운 움직임이므로, 단순히 '찌르는' 느낌보다는 '콕콕 건드리다' 혹은 '살랑살랑 자극하다'와 같이 상황의 분위기를 살린 부드러운 표현으로 의역하는 것이 자연스럽다.",久美子は折しも、舌先を尖らせて鈴口を突つこうとしていた。ツンツンと小さな割れ目を刺激し、次に亀頭全体を輪を描くように舐めまわしはじめる。目を閉じ、長い睫毛をしばたかせると、先端をすっぽりと口に含みこんだ。,"츠ン츠ン하고 작은 틈새를 자극하며, 다음에는 귀두 전체를...","작은 틈새를 콕콕 건드리며 자극하더니, 이내 귀두 전체를 원을 그리듯 핥아 올리기 시작했다."
ゴトゴト,덜컹덜컹,의성어,"무겁거나 큰 물체가 부딪히며 나는 소리를 나타낸다. 문맥상 밤늦은 시간 정적 속에서 문이 열리는 소리이므로, 갑작스러운 움직임이나 불길함을 암시하는 '덜컹덜컹' 혹은 '덜컥'과 같은 표현을 사용하여 긴장감을 살려 의역해야 한다. 단순히 소리 자체를 묘사하기보다 상황의 분위기에 맞춰 자연스럽게 연결한다.",いつの間にか、深夜になっていた。夜の二時をどこかの時計が打った。その時、遠くでゴトゴトッとドアの開く音がして、川田はハッとして耳を澄ませた。,"그때, 멀리서 고토고토하고 문이 열리는 소리가 나서, 카와다는 깜짝 놀라 귀를 기울였다.","그때, 멀리서 덜컹거리며 문이 열리는 소리가 들려왔고, 카와다는 소스라치게 놀라 귀를 기울였다."
ビロビロ,너덜너덜하게,의성어,"살점이 길게 늘어져 있거나 형태가 일정하지 않고 축 처진 모양을 나타낸다. 문맥상 성기 주변의 살점이 과하게 늘어져 있는 상태를 묘사하므로, 단순히 '길쭉한'이라는 의미보다는 '너덜너덜하게', '늘어진', '축 처진' 등의 표현을 사용하여 시각적인 질감을 살려 의역하는 것이 자연스럽다.",ビロビロの肉びらが、溝のなかにめりこんでいた。クリトリスを内包している肉がよく発達していた。蕾を剥きだしてみると、そこだけは瑞々しく膨らんでいて、興奮をあからさまにしていた。指先でさぐった感じからして、かなり大きそうだ。,비로비로한 고기 조각이 홈 안에 박혀 있었다.,너덜너덜하게 늘어진 살점 조각이 홈 사이에 끼어 있었다.
ムウムウ,"웅얼웅얼, 읍읍, 으음",의성어,"입안이 무언가로 가득 차서 소리가 제대로 나오지 못하고 막힌 상태를 나타낸다. 문맥상 입으로 성기를 애무하는 상황이므로, 단순히 소리를 묘사하기보다 '입을 막은 듯한 신음'이나 '말을 삼키는 듯한 소리'로 의역하여 관능적인 분위기를 살려야 한다. '무무'와 같은 기계적 직역은 피해야 한다.",指のひらで揉みしだいてやると、いっそう激しく頭を上下させ、ムウムウと声をもらしながら、肉棒を唇でしごきたててきた。,"무무하며 목소리를 흘리면서, 육봉을 입술로 훑어 올렸다.","입안이 가득 찬 듯 웅얼거리는 신음을 흘리며, 육봉을 입술로 거칠게 훑어 올렸다."
ガガガガ,"덜덜덜, 가가각, 컥컥",의성어,"목이 메거나, 몸이 심하게 떨리거나, 혹은 무언가 걸려서 말을 제대로 잇지 못하는 상태를 나타내는 의성어다. 문맥에 따라 경련하듯 떠는 모습이면 '덜덜덜', 숨이 막히는 상황이면 '컥컥' 또는 '가학가학' 등의 느낌으로 의역해야 한다. 단순히 글자 그대로 '가가가가'라고 옮기면 문학적 맛이 살지 않는다.",「アッ、アガガガガッ……」,"「앗, 아가가가가……」","「아, 아가각, 컥……!」"
ペッタリ,"찰싹, 빈틈없이, 딱 달라붙어",의성어,"피부와 피부가 빈틈없이 밀착되는 모양을 나타낸다. 소설적 문맥에서는 단순히 '딱 붙어서'라고 하기보다, 신체 부위가 상대의 얼굴에 '찰싹' 내려앉거나 '빈틈없이 밀착되는' 느낌을 살려 상황의 농밀함을 표현해야 한다. '페타리'라는 발음을 그대로 옮기지 말고 동작의 밀착도를 강조하여 의역한다.",やがて夏子は、股間をねぶられながら甘い鼻声をもらす。一度火のついた女体は、再燃するのが早かった。下半身にオーガスムの波が押し寄せてくると、もう一度お尻をペッタリと孝則の顔の上に乗せて、腰をまわす。,"다시 한번 엉덩이를 페타리하고 타카노리의 얼굴 위에 얹고, 허리를 돌린다.",다시 한번 엉덩이를 타카노리의 얼굴 위에 찰싹 밀착시키며 허리를 돌렸다.
ワワワワ,"허둥지둥, 어버버, 허겁지겁",의성어,"당황하거나 정신을 못 차릴 때 내는 소리 혹은 입을 제대로 다물지 못하고 말을 더듬는 상태를 나타낸다. 소설적 맥락에서는 단순히 소리를 그대로 옮기기보다 캐릭터가 당황하여 말을 잇지 못하는 모습('어버버', '어버버버')이나 정신없이 몰아치는 상황을 묘사하는 표현으로 의역하는 것이 자연스럽다.",「アッ、アワワワワ……ハッ、ハアアァァーン！」,"「앗, 와와와와…… 하, 하아아아앙!」","「앗, 어버버버…… 하, 하아아아앙!」"
ヒイヒイ,"헉헉거리며, 신음하며, 정신없이",의성어,"상황에 따라 숨이 가빠서 내는 소리나 고통 혹은 쾌락으로 인해 내뱉는 비명 섞인 신음을 의미한다. 문맥상 성적인 자극에 의해 정신을 못 차리고 내뱉는 소리이므로, 단순히 소리를 묘사하기보다는 '헉헉거리다', '정신없이 신음하다'와 같이 인물의 상태를 나타내는 표현으로 의역하는 것이 소설적 흐름에 자연스럽다.",こんなねっとりとした穴のなかに、ペニスを差し込むのか……早く入れて、射精させてみたいな。きっとオナニーとは雲泥の差があるんだろうな。硬くなったチンポで貫いてやったら、いくら年上のこの奥さんだって、ヒイヒイ言ってぼくにしがみついてくるに決まってる。女王様と奴隷が逆転して、王様と美人奴隷になっていくんだ……。,"아무리 연상의 이 부인이라도, 히이히이 소리를 내며 나에게 매달릴 게 분명해.","아무리 연상의 이 부인이라도, 쾌락에 겨워 헉헉거리며 나에게 매달릴 게 분명해."
クルクル,"빙글빙글, 휘릭휘릭, 원을 그리며",의성어,"손가락 끝으로 특정 부위를 반복적으로 돌리는 동작을 나타낸다. 소설적 문맥에서는 단순히 '뱅글뱅글'이라고 하기보다, 손가락의 움직임을 묘사하는 '원을 그리며'나 동작의 리듬감을 살린 '빙글빙글' 등으로 의역하여 관능적인 분위기를 자연스럽게 살려야 한다.",孝則の目は、敵の動きを偵察する步哨のように、赤い爪の指先を監視した。夏子はそのまさかどおり、中指でクリトリスを押しつけると、クルクルとまわしながら指先で刺激を与えはじめた。,중지로 클리토리스를 누르며 쿠루쿠루 돌리기 시작했다.,"중지로 클리토리스를 짓누르며, 손가락 끝을 빙글빙글 돌려 자극을 주기 시작했다."
フフフフ,후후후,의성어,"상대방을 비웃거나 여유롭게 조롱할 때, 혹은 자신의 계획이 성공적임을 확신하며 내뱉는 낮은 웃음소리다. 한국어 소설 문맥에서는 상황의 분위기에 따라 '후후후', '흐흐흐', '훗' 등으로 변주될 수 있으나, 여기서는 여왕이라는 캐릭터의 고압적이고 우아한 태도를 유지하기 위해 '후후후'로 번역하는 것이 가장 자연스럽다.",「フフフフ、正直な子だね。いいだろう。だったら見せてあげろう。そのかわり、一つ条件を出すよ。フフフ……お前はわたしのアソコを見ても、絶対にペニスを勃起させてはならない。勃起するということは、いやしくも奴隷の分際で、この女王様のアソコに、ペニスを入れたいという、大それた考えを起こした証拠なのだからね」,"후후후후, 정직한 아이구나.","“후후후, 정직한 아이네. 좋다고. 그렇다면 보여주마. 그 대신, 조건이 하나 있다. 후후후…… 너는 나의 그곳을 보더라도 절대로 페니스를 발기시켜서는 안 된다. 발기한다는 것은, 천박한 노예 주제에 이 여왕님의 그곳에 페니스를 넣고 싶다는, 주제넘은 생각을 품었다는 증거니까 말이야.”"
グルグル,"빙글빙글, 어지럽게",의성어,"머리나 생각이 복잡하게 돌아가는 상태를 나타낸다. 문맥상 남편이 혼란스러워하거나 정신을 못 차리는 상황이므로, 단순히 회전하는 모양인 '빙글빙글'보다는 '머릿속이 어지럽게 돌아가다' 혹은 '생각이 빙글빙글 돌다'와 같이 심리적 혼란을 나타내는 표현으로 의역하는 것이 자연스럽다.",夫が頭をグルグルとまわす。天狗の鼻先は子宮口をグリグリと押しつぶして抉り抜く。鼻の下の剛毛はアヌスと内腿を刺激し、眉の剛毛はデルタをくすぐった。,남편이 머리를 구루구루 돌린다.,남편의 머릿속이 빙글빙글 어지럽게 돌아갔다.
ァァァァ,아아아아아!,의성어,"비명이나 탄성을 나타내는 장음 표현이다. 한국어 소설 번역 시에는 단순히 글자를 나열하기보다, 인물의 감정 상태(절규, 환희, 고통 등)에 맞춰 느낌표의 개수나 모음의 길이를 조절하여 감정이 실린 비명처럼 처리해야 한다. '아아아아'와 같이 모음을 길게 늘어뜨리는 방식으로 의역한다.",「アッ、アアァァァァ！」,"「앗, 아아아아!」","“아, 아아아아아!”"
アアアア,"아, 아아아악!",의성어,"비명이나 절규를 나타내는 감탄사이다. 문맥에 따라 고통, 환희, 공포 등 감정의 결이 달라지므로 단순히 글자를 나열하기보다 느낌표나 문장 부호를 적절히 활용하여 한국어 구어체 비명으로 자연스럽게 의역해야 한다. '아아아아'처럼 단순 반복하는 것은 기계적인 느낌을 줄 수 있다.",「ア、アアアアッ！」,"「아, 아아아아!」","「아, 아아아악!」"
ダメーダメー,"안 돼, 안 돼",의성어,"상대방의 행위나 상황을 저지하려는 듯하면서도 쾌락에 굴복하는 복합적인 감정을 담아야 한다. 단순히 '안 돼'를 반복하기보다, 문맥에 따라 '안 돼, 안 돼...', '아, 안 돼...'와 같이 말줄임표나 감탄사를 섞어 호흡이 가쁜 느낌을 살려 의역하는 것이 소설적 표현으로 자연스럽다.",夏帆　ダメーダメーいっちゃうーいくーいくーいくー,"카호, 다메다메 가버려 가버려 가버려 가버려.","카호, ""안 돼, 안 돼... 가버려, 가버렷, 아, 가버려어...!"""
ーダメーダメ,"안 돼, 안 돼",의성어,"상황에 따라 '안 돼, 안 돼', '아, 안 돼' 등으로 번역하며, 캐릭터의 호흡이나 절정 직전의 긴박함을 살려 문맥에 맞게 감탄사처럼 처리해야 한다. 단순히 부정의 의미를 넘어 캐릭터의 흥분 상태나 저항할 수 없는 느낌을 담아 자연스럽게 의역하는 것이 중요하다.",夏帆　あーあーあーあーダメーダメーいっちゃうよ,"카호, 아아아아 안 돼 안 돼 가버려.","카호, 아, 아아...! 안 돼, 안 돼... 가버려...!"
ズカズカ,"성큼성큼, 쿵쾅쿵쾅",의성어,"상대방의 눈치를 보지 않고 거침없이, 혹은 위압감을 주며 발걸음을 옮기는 모양을 나타낸다. 소설의 문맥에 따라 인물의 성격이나 걸음걸이의 무게감에 맞춰 '성큼성큼' 또는 발소리의 위압감을 강조하는 '쿵쾅쿵쾅' 등으로 의역하는 것이 자연스럽다. 단순히 발소리만 묘사하는 것이 아니라 인물의 태도가 드러나도록 번역해야 한다.",岡本は二人の方に向かってズカズカと步き出した。眼の前にはっきり俺が立ちはだかったら久美子がどんな態度を示すか、見てやりたい気持になったのだ。,오카모토는 두 사람 쪽을 향해 즈카즈카 걷기 시작했다.,오카모토는 두 사람을 향해 성큼성큼 걸어갔다.
シクシク,"훌쩍훌쩍, 흐느끼며",의성어,"작은 소리로 계속해서 우는 모양을 나타낸다. 소설적 문맥에서는 단순히 소리를 묘사하기보다 인물의 슬픔이나 상태를 드러내기 위해 '훌쩍훌쩍 울다', '흐느껴 울다'와 같이 동사와 결합하여 자연스럽게 의역하는 것이 좋다. 상황에 따라 '끅끅' 혹은 '흐느껴' 등으로 변주할 수 있다.",久美子は真っ赤に火照った片頬をシーツにすりつけるようにしてシクシクと泣きじゃくっている。,쿠미코는 시트에 뺨을 비비며 시쿠시쿠 울고 있다.,쿠미코는 새빨갛게 달아오른 한쪽 뺨을 시트에 비벼대며 훌쩍훌쩍 흐느껴 울고 있다.
キリキリ,조여드는,의성어,"통증이 느껴질 정도로 강하게 압박하거나 옥죄는 모양을 나타낸다. 소설적 문맥에서는 단순히 '끼리끼리'와 같은 의성어로 직역하기보다, '조여들다', '죄어오다', '악착같이 조이다' 등 동작의 강도와 고통을 암시하는 동사형 표현으로 의역하는 것이 자연스럽다.",岡本は、久美子が自分で重ね合わせた手首を寝巻の紐でキリキリ縛り始めた。岡本は学生の頃、梱包屋でアルバイトした事があるから縄でものを縛るのは経験がある。しかし、女を縛るのはこれが初めてであった。,오카모토는 쿠미코의 손목을 잠옷 끈으로 키리키리 묶기 시작했다.,오카모토는 쿠미코가 스스로 맞잡은 손목을 잠옷 끈으로 거칠게 조여 묶기 시작했다.
ムチムチ,"탱글탱글한, 육감적인, 살집이 탄력 있는",의성어,"단순히 살이 쪘다는 의미가 아니라, 여성의 신체가 건강하고 탄력 있게 차올라 관능미를 풍기는 상태를 나타낸다. 문맥상 '숨이 막힐 정도로'라는 수식어가 붙어 있으므로, 단순히 '통통한'이라고 하기보다는 '육감적인 곡선'이나 '탄력 넘치는 살결'의 느낌을 살려 소설적으로 의역해야 한다. 상황에 따라 '탱글탱글한', '살집이 오른', '육감적인' 등으로 변주할 수 있다.",ひょっとすると、俺は今度は単なる浮気ではなく、本気になってしまうかも知れぬ、と岡本は感じた。先程、野天風呂の中で見た久美子の息苦しい程にムチムチ引き緊まった官能味のある美しい裸身、底まで冴え渡ったような粘りのある雪白の美肌――それが今でも岡本の眼に焼きついている。そして、その見事な彼女の裸身を今夜、これから賞味する事になるのだろうが、そうすればいよいよ俺は彼女の魅力にとりつかれ、彼女を手渡せなくなってしまうのではないか、といった恐怖に似たものを感じるのだった。,숨이 막힐 정도로 무치무치하게 조여진 관능적인 아름다운 나신.,"숨이 막힐 정도로 육감적이고 탄력 있게 차오른, 관능미 넘치는 아름다운 나신."
ザブザブ,"첨벙첨벙, 철벅철벅",의성어,"물속에서 몸을 움직일 때 나는 소리를 나타낸다. 소설의 관능적이고 묘사적인 분위기를 살리기 위해 단순히 소리만 전달하는 것이 아니라, 물이 튀거나 출렁이는 움직임이 느껴지도록 '첨벙첨벙' 혹은 '철벅철벅'과 같이 문맥에 맞는 의태어를 선택하고 조사와 어미를 자연스럽게 연결하여 의역해야 한다.",久美子は膝から下の下肢で湯をザブザブ音させながら縮みこんでいる岡本の方に近づいて来るのだ。湯に濡れた久美子の太腿は乳色の光沢を湛えて匂うような官能味を盛り上げている。その太腿の付根をほんのり覆い包む漆黒の艶やかな繊毛も湯に濡れて妖艶さを含み、岡本の眼を痛い位に刺激するのだ。それに彼女の乳房の弾力のある美しいふくらみ、腰部の仇っぽい曲線、双臀の見事な盛り上がりなど、全体に息苦しい程の官能味を発散させているようで岡本は忽ち、情欲を煽り立てられ、湯の中でソワソワ身動きをくり返している。,쿠미코는 무릎 아래 하지로 물을 자브자브 소리 내며 웅크리고 있는 오카모토 쪽으로 다가온다.,"쿠미코는 무릎 아래 하지를 첨벙거리며 물소리를 내면서, 몸을 웅크리고 있는 오카모토 쪽으로 다가온다."
チカチカ,깜빡깜빡,의성어,"빛이 약하게 명멸하는 모양을 나타낸다. 문맥상 멀리 떨어진 곳에서 희미하게 보이는 불빛을 묘사하므로, 단순히 빛이 움직이는 느낌보다는 불빛이 끊길 듯 말 듯 이어지는 '깜빡깜빡' 혹은 '가물가물'로 의역하여 거리감과 분위기를 살리는 것이 자연스럽다.",高台になっているので二階からは宝塚方面の粘っこい灯りが小さくチカチカ見えた。このあたりの人通りは途絶えていて街燈の青白い火影が闇の中をぼんやり照らしていた。,2층에서는 다카라즈카 방면의 끈적한 불빛이 작게 치카치카 보였다.,고지대라 그런지 2층에서는 다카라즈카 방면의 끈적한 불빛이 작게 깜빡거리는 것이 보였다.
ギャーギャー,왁자지껄,의성어,"사람들이 모여 시끄럽게 떠들거나 소란을 피우는 모양을 나타낸다. 문맥상 기자들이 특정 인물에 대해 흥분하여 소란스럽게 구는 상황이므로, 단순히 '꺄악꺄악' 같은 비명보다는 집단적인 소란스러움을 나타내는 '왁자지껄', '떠들썩하게', '소란스럽게' 등으로 의역하는 것이 소설적 흐름에 자연스럽다.",「何かといえば西川久美子、西川久美子、と吐かしよって。なんで、東京から来た婦人記者をそんなにチヤホヤしなきゃならないんだ。だからお前達は新聞記者でも背中に田舎者の看板をぶら下げていなきゃならないんだ。ミーハー族みたいにギャーギャー騒ぐな。もう少し、新聞記者らしい自尊心を持て」,미하족처럼 갸갸 소리 지르며 떠들지 마라.,유행에만 민감한 애들처럼 왁자지껄 떠들지 마라.
チャラチャラ,경박하게,의성어,"말이나 행동이 가볍고 진중함이 없는 상태를 나타낸다. 문맥상 칸사이 사투리를 쓰며 가볍게 떠드는 기자들의 태도를 묘사하므로, 단순히 '찰랑찰랑' 같은 물리적 움직임이 아닌 '경박하게', '가볍게', '실없이' 등으로 의역하여 인물의 태도를 자연스럽게 표현해야 한다.",間の抜けた関西弁でチャラチャラやっている俺達関西人記者を見て、あの女、阿呆らしくなってきたいうて帰ってまうの違うやろうか、などと矢田はいい、折井と岡本を笑わせた。,"얼빠진 칸사이 사투리로 차라차라하고 있는 우리 칸사이인 기자를 보고,","얼빠진 칸사이 사투리로 경박하게 떠들어대는 우리 칸사이 출신 기자들을 보며, '저 여자, 한심해져서 집에 가버리는 거 아냐?'라고 야다가 말하자 오리이와 오카모토는 웃음을 터뜨렸다."
タジタジ,"쩔쩔매다, 당황하여 어쩔 줄 모르다",의성어,"상대방의 기세나 상황에 눌려 말문이 막히거나 갈피를 잡지 못하는 상태를 나타낸다. 소설적 문맥에서는 단순히 '당황하다'라고 하기보다, 상대의 페이스에 휘말려 '쩔쩔매는' 모습이나 '기세에 눌린' 상황으로 의역하는 것이 자연스럽다.",タジタジになったところで、カウンターから出てきた珠希さんが俺の後ろを通り抜けた。その瞬間、甘ったるい匂いが鼻腔をくすぐる。,"타지타지 상태가 된 참에, 카운터에서 나온 타마키 씨가 내 뒤를 지나갔다.","내가 쩔쩔매고 있을 때, 카운터에서 나온 타마키 씨가 내 뒤를 지나쳐 갔다."
イチャイチャ,"꽁냥꽁냥, 알콩달콩, 깨볶는",의성어,"연인 사이의 친밀하고 애정 어린 행위를 나타내는 표현이다. 문맥에 따라 '꽁냥거리다', '알콩달콩하다' 등으로 의역하는 것이 자연스럽다. 단순히 '이챠이챠'라고 음차하거나 '성적인 행위'로만 국한하기보다, 연인 특유의 달콤하고 간지러운 분위기를 살려 번역해야 한다.",短い会話の後に見つめ合ったと思ったら、こんどは小さな笑い声が聞こえた。まるで隠れてイチャイチャしているカップルみたいだ。,마치 숨어서 이챠이챠하고 있는 커플 같다.,마치 몰래 꽁냥거리는 커플 같았다.
グダグダ,"투덜투덜, 궁시렁궁시렁, 잔소리",의성어,"말이 길어지거나 앞뒤가 맞지 않는 말을 늘어놓는 모양을 뜻한다. 문맥상 상대방이 계속해서 불평하거나 따지는 상황이므로, 단순히 '구다구다'라고 직역하기보다 '투덜대다', '궁시렁거리다', '잔소리하다' 등 대화의 흐름에 맞춰 자연스러운 한국어 구어체로 의역해야 한다.",「ググってみたけど、あんたの考える素股とは違うわ。やり方は今考え中だから、グダグダ言わないでよ。,"방법은 지금 생각 중이니까, 구다구다 말하지 마.","방법은 지금 생각 중이니까, 너무 투덜대지 좀 마."
ベタベタ,"끈적끈적하게, 노골적으로, 함부로",의성어,"상황에 따라 신체 접촉의 불쾌함이나 거리낌 없음을 나타내는 '끈적끈적하게', '함부로', '닥치는 대로' 등으로 의역해야 한다. 단순히 액체의 점성을 나타내는 '베타베타'를 직역하기보다, 타인의 몸을 배려 없이 만지는 행위의 무례함이나 집요함을 강조하는 표현을 선택하는 것이 소설적 문맥에 자연스럽다.",虚勢を張った返事だった。何が、甘えちゃおうかなだよ、と内心毒ずいた。人の妻の体に、療治の為とはいえベタベタと触って、全く遠慮しない親友に、腹立たしい思いが膨らんでいった。,"사람의 아내의 몸에, 요치를 위해라고는 해도 베타베타하고 만져서...","남의 아내 몸에, 치료를 위해서라지만 함부로 손을 대며 전혀 사양할 줄 모르는 친우에게, 화가 치밀어 올랐다."
ボソボソ,"소곤소곤, 중얼중얼, 나직하게",의성어,"낮은 목소리로 작게 말하는 모양을 나타낸다. 문맥상 문 너머로 들릴 듯 말 듯 작게 들리는 불분명한 목소리를 묘사하므로, 상황에 따라 '소곤거리는', '중얼거리는' 혹은 '나직한' 등으로 의역하여 문장의 분위기를 살려야 한다. 단순히 '보소보소'라고 직역하는 것은 피해야 한다.",脱衣場で体を拭う間、リビングからは二人の声は聞こえてこなかった。騒いでいる訳ではないので当たり前なのだが、例えばボソボソという扉越しの不明瞭な声だったり、物音ひとつしないことが妙に気になった。,"예를 들어 보소보소라는 문 너머의 불명료한 목소리라든가,","예를 들어 문 너머로 소곤거리는 듯한 불분명한 목소리가 들린다거나,"
